[
	{
		"model": "product.collection",
		"pk": 100,
		"fields": {
			"private_metadata": {},
			"metadata": {},
			"seo_title": null,
			"seo_description": null,
			"name": "Featured Products",
			"slug": "featured-products",
			"background_image": "collection-backgrounds/clothing_R7nkNxS.jpg",
			"background_image_alt": "",
			"description": {
				"blocks": [
					{
						"key": "",
						"data": {},
						"text": "Featured Products. Literally, they are not real products, but the Saleor demo store is a genuine e-commerce leader.",
						"type": "unstyled",
						"depth": 0,
						"entityRanges": [],
						"inlineStyleRanges": []
					}
				],
				"entityMap": {}
			}
		}
	},
	{
		"model": "product.collectionchannellisting",
		"pk": 101,
		"fields": {
			"publication_date": "2021-08-12",
			"is_published": true,
			"collection": 100,
			"channel": 1
		}
	},
	{
		"model": "product.category",
		"pk": 102,
		"fields": {
			"private_metadata": {},
			"metadata": {},
			"seo_title": "",
			"seo_description": "",
			"name": "\u039c\u03bf\u03c4\u03bf\u03c3\u03c5\u03ba\u03bb\u03ad\u03c4\u03b1",
			"slug": "motosukleta",
			"description": {
				"blocks": [{ "data": { "text": "" }, "type": "paragraph" }]
			},
			"parent": null,
			"background_image": "category-backgrounds/accessories_HMorc9P.jpg",
			"background_image_alt": "",
			"tree_id": 1,
			"level": 0
		}
	},
	{
		"model": "product.category",
		"pk": 103,
		"fields": {
			"private_metadata": {},
			"metadata": {},
			"seo_title": "",
			"seo_description": "",
			"name": "\u0391\u03bd\u03b1\u03b2\u03ac\u03c4\u03b7\u03c2",
			"slug": "anabates",
			"description": {
				"blocks": [{ "data": { "text": "" }, "type": "paragraph" }]
			},
			"parent": null,
			"background_image": "category-backgrounds/accessories_HMorc9P.jpg",
			"background_image_alt": "",
			"tree_id": 1,
			"level": 0
		}
	},
	{
		"model": "product.category",
		"pk": 104,
		"fields": {
			"private_metadata": {},
			"metadata": {},
			"seo_title": "",
			"seo_description": "",
			"name": "\u03a6\u03c1\u03ad\u03bd\u03b1",
			"slug": "phrena",
			"description": {
				"blocks": [{ "data": { "text": "" }, "type": "paragraph" }]
			},
			"parent": 102,
			"background_image": "category-backgrounds/accessories_HMorc9P.jpg",
			"background_image_alt": "",
			"tree_id": 1,
			"level": 1
		}
	},
	{
		"model": "product.category",
		"pk": 105,
		"fields": {
			"private_metadata": {},
			"metadata": {},
			"seo_title": "",
			"seo_description": "",
			"name": "\u0395\u03be\u03b1\u03c4\u03bc\u03af\u03c3\u03b5\u03b9\u03c2",
			"slug": "exatmiseis",
			"description": {
				"blocks": [{ "data": { "text": "" }, "type": "paragraph" }]
			},
			"parent": 102,
			"background_image": "category-backgrounds/accessories_HMorc9P.jpg",
			"background_image_alt": "",
			"tree_id": 1,
			"level": 1
		}
	},
	{
		"model": "product.category",
		"pk": 106,
		"fields": {
			"private_metadata": {},
			"metadata": {},
			"seo_title": "",
			"seo_description": "",
			"name": "\u0391\u03bd\u03b1\u03c1\u03c4\u03ae\u03c3\u03b5\u03b9\u03c2",
			"slug": "anarteseis",
			"description": {
				"blocks": [{ "data": { "text": "" }, "type": "paragraph" }]
			},
			"parent": 102,
			"background_image": "category-backgrounds/accessories_HMorc9P.jpg",
			"background_image_alt": "",
			"tree_id": 1,
			"level": 1
		}
	},
	{
		"model": "product.category",
		"pk": 107,
		"fields": {
			"private_metadata": {},
			"metadata": {},
			"seo_title": "",
			"seo_description": "",
			"name": "Fairing",
			"slug": "fairing",
			"description": {
				"blocks": [{ "data": { "text": "" }, "type": "paragraph" }]
			},
			"parent": 102,
			"background_image": "category-backgrounds/accessories_HMorc9P.jpg",
			"background_image_alt": "",
			"tree_id": 1,
			"level": 1
		}
	},
	{
		"model": "product.category",
		"pk": 108,
		"fields": {
			"private_metadata": {},
			"metadata": {},
			"seo_title": "",
			"seo_description": "",
			"name": "\u03a0\u03bb\u03b1\u03af\u03c3\u03b9\u03bf",
			"slug": "plaisio",
			"description": {
				"blocks": [{ "data": { "text": "" }, "type": "paragraph" }]
			},
			"parent": 102,
			"background_image": "category-backgrounds/accessories_HMorc9P.jpg",
			"background_image_alt": "",
			"tree_id": 1,
			"level": 1
		}
	},
	{
		"model": "product.category",
		"pk": 109,
		"fields": {
			"private_metadata": {},
			"metadata": {},
			"seo_title": "",
			"seo_description": "",
			"name": "\u03a6\u03af\u03bb\u03c4\u03c1\u03b1",
			"slug": "philtra",
			"description": {
				"blocks": [{ "data": { "text": "" }, "type": "paragraph" }]
			},
			"parent": 102,
			"background_image": "category-backgrounds/accessories_HMorc9P.jpg",
			"background_image_alt": "",
			"tree_id": 1,
			"level": 1
		}
	},
	{
		"model": "product.category",
		"pk": 110,
		"fields": {
			"private_metadata": {},
			"metadata": {},
			"seo_title": "",
			"seo_description": "",
			"name": "\u0397\u03bb\u03b5\u03ba\u03c4\u03c1\u03bf\u03bd\u03b9\u03ba\u03ac",
			"slug": "elektronika",
			"description": {
				"blocks": [{ "data": { "text": "" }, "type": "paragraph" }]
			},
			"parent": 102,
			"background_image": "category-backgrounds/accessories_HMorc9P.jpg",
			"background_image_alt": "",
			"tree_id": 1,
			"level": 1
		}
	},
	{
		"model": "product.category",
		"pk": 111,
		"fields": {
			"private_metadata": {},
			"metadata": {},
			"seo_title": "",
			"seo_description": "",
			"name": "\u0394\u03b9\u03ac\u03c6\u03bf\u03c1\u03b1",
			"slug": "diaphora",
			"description": {
				"blocks": [{ "data": { "text": "" }, "type": "paragraph" }]
			},
			"parent": 102,
			"background_image": "category-backgrounds/accessories_HMorc9P.jpg",
			"background_image_alt": "",
			"tree_id": 1,
			"level": 1
		}
	},
	{
		"model": "product.category",
		"pk": 112,
		"fields": {
			"private_metadata": {},
			"metadata": {},
			"seo_title": "",
			"seo_description": "",
			"name": "\u0393\u03ac\u03bd\u03c4\u03b9\u03b1",
			"slug": "gantia",
			"description": {
				"blocks": [{ "data": { "text": "" }, "type": "paragraph" }]
			},
			"parent": 103,
			"background_image": "category-backgrounds/accessories_HMorc9P.jpg",
			"background_image_alt": "",
			"tree_id": 1,
			"level": 1
		}
	},
	{
		"model": "product.category",
		"pk": 113,
		"fields": {
			"private_metadata": {},
			"metadata": {},
			"seo_title": "",
			"seo_description": "",
			"name": "Jacket",
			"slug": "jacket",
			"description": {
				"blocks": [{ "data": { "text": "" }, "type": "paragraph" }]
			},
			"parent": 103,
			"background_image": "category-backgrounds/accessories_HMorc9P.jpg",
			"background_image_alt": "",
			"tree_id": 1,
			"level": 1
		}
	},
	{
		"model": "product.category",
		"pk": 114,
		"fields": {
			"private_metadata": {},
			"metadata": {},
			"seo_title": "",
			"seo_description": "",
			"name": "\u039c\u03c0\u03cc\u03c4\u03b5\u03c2",
			"slug": "mpotes",
			"description": {
				"blocks": [{ "data": { "text": "" }, "type": "paragraph" }]
			},
			"parent": 103,
			"background_image": "category-backgrounds/accessories_HMorc9P.jpg",
			"background_image_alt": "",
			"tree_id": 1,
			"level": 1
		}
	},
	{
		"model": "product.category",
		"pk": 115,
		"fields": {
			"private_metadata": {},
			"metadata": {},
			"seo_title": "",
			"seo_description": "",
			"name": "\u039a\u03c1\u03ac\u03bd\u03b7",
			"slug": "krane",
			"description": {
				"blocks": [{ "data": { "text": "" }, "type": "paragraph" }]
			},
			"parent": 103,
			"background_image": "category-backgrounds/accessories_HMorc9P.jpg",
			"background_image_alt": "",
			"tree_id": 1,
			"level": 1
		}
	},
	{
		"model": "product.category",
		"pk": 116,
		"fields": {
			"private_metadata": {},
			"metadata": {},
			"seo_title": "",
			"seo_description": "",
			"name": "\u03a3\u03c4\u03bf\u03bb\u03ad\u03c2",
			"slug": "stoles",
			"description": {
				"blocks": [{ "data": { "text": "" }, "type": "paragraph" }]
			},
			"parent": 103,
			"background_image": "category-backgrounds/accessories_HMorc9P.jpg",
			"background_image_alt": "",
			"tree_id": 1,
			"level": 1
		}
	},
	{
		"model": "product.category",
		"pk": 117,
		"fields": {
			"private_metadata": {},
			"metadata": {},
			"seo_title": "",
			"seo_description": "",
			"name": "\u03a0\u03b1\u03bd\u03c4\u03b5\u03bb\u03cc\u03bd\u03b9\u03b1",
			"slug": "pantelonia",
			"description": {
				"blocks": [{ "data": { "text": "" }, "type": "paragraph" }]
			},
			"parent": 103,
			"background_image": "category-backgrounds/accessories_HMorc9P.jpg",
			"background_image_alt": "",
			"tree_id": 1,
			"level": 1
		}
	},
	{
		"model": "product.category",
		"pk": 118,
		"fields": {
			"private_metadata": {},
			"metadata": {},
			"seo_title": "",
			"seo_description": "",
			"name": "\u03a4\u03b1\u03ba\u03ac\u03ba\u03b9\u03b1 Moto",
			"slug": "takakia-moto",
			"description": {
				"blocks": [{ "data": { "text": "" }, "type": "paragraph" }]
			},
			"parent": 104,
			"background_image": "category-backgrounds/accessories_HMorc9P.jpg",
			"background_image_alt": "",
			"tree_id": 1,
			"level": 2
		}
	},
	{
		"model": "product.category",
		"pk": 119,
		"fields": {
			"private_metadata": {},
			"metadata": {},
			"seo_title": "",
			"seo_description": "",
			"name": "\u0394\u03b1\u03b3\u03ba\u03ac\u03bd\u03b5\u03c2 & \u0395\u03bc\u03b2\u03bf\u03bb\u03ac\u03ba\u03b9\u03b1",
			"slug": "dagkanes-embolakia",
			"description": {
				"blocks": [{ "data": { "text": "" }, "type": "paragraph" }]
			},
			"parent": 104,
			"background_image": "category-backgrounds/accessories_HMorc9P.jpg",
			"background_image_alt": "",
			"tree_id": 1,
			"level": 2
		}
	},
	{
		"model": "product.category",
		"pk": 120,
		"fields": {
			"private_metadata": {},
			"metadata": {},
			"seo_title": "",
			"seo_description": "",
			"name": "\u0394\u03b9\u03c3\u03ba\u03cc\u03c0\u03bb\u03b1\u03ba\u03b5\u03c2",
			"slug": "diskoplakes",
			"description": {
				"blocks": [{ "data": { "text": "" }, "type": "paragraph" }]
			},
			"parent": 104,
			"background_image": "category-backgrounds/accessories_HMorc9P.jpg",
			"background_image_alt": "",
			"tree_id": 1,
			"level": 2
		}
	},
	{
		"model": "product.category",
		"pk": 121,
		"fields": {
			"private_metadata": {},
			"metadata": {},
			"seo_title": "",
			"seo_description": "",
			"name": "\u03a4\u03c1\u03cc\u03bc\u03c0\u03b5\u03c2/\u0391\u03bd\u03c4\u03bb\u03af\u03b5\u03c2",
			"slug": "trompes-antlies",
			"description": {
				"blocks": [{ "data": { "text": "" }, "type": "paragraph" }]
			},
			"parent": 104,
			"background_image": "category-backgrounds/accessories_HMorc9P.jpg",
			"background_image_alt": "",
			"tree_id": 1,
			"level": 2
		}
	},
	{
		"model": "product.category",
		"pk": 122,
		"fields": {
			"private_metadata": {},
			"metadata": {},
			"seo_title": "",
			"seo_description": "",
			"name": "\u0395\u03be\u03ac\u03c4\u03bc\u03b9\u03c3\u03b7 \u039f\u03bb\u03cc\u03c3\u03c9\u03bc\u03b7",
			"slug": "exatmise-olosome",
			"description": {
				"blocks": [{ "data": { "text": "" }, "type": "paragraph" }]
			},
			"parent": 105,
			"background_image": "category-backgrounds/accessories_HMorc9P.jpg",
			"background_image_alt": "",
			"tree_id": 1,
			"level": 2
		}
	},
	{
		"model": "product.category",
		"pk": 123,
		"fields": {
			"private_metadata": {},
			"metadata": {},
			"seo_title": "",
			"seo_description": "",
			"name": "Fairing-\u039a\u03bf\u03c5\u03c3\u03c4\u03bf\u03cd\u03bc\u03b9",
			"slug": "fairing-koustoumi",
			"description": {
				"blocks": [{ "data": { "text": "" }, "type": "paragraph" }]
			},
			"parent": 107,
			"background_image": "category-backgrounds/accessories_HMorc9P.jpg",
			"background_image_alt": "",
			"tree_id": 1,
			"level": 2
		}
	},
	{
		"model": "product.category",
		"pk": 124,
		"fields": {
			"private_metadata": {},
			"metadata": {},
			"seo_title": "",
			"seo_description": "",
			"name": "\u03a0\u03bf\u03b4\u03bf\u03c3\u03c4\u03ae\u03c1\u03b9\u03b1",
			"slug": "podosteria",
			"description": {
				"blocks": [{ "data": { "text": "" }, "type": "paragraph" }]
			},
			"parent": 108,
			"background_image": "category-backgrounds/accessories_HMorc9P.jpg",
			"background_image_alt": "",
			"tree_id": 1,
			"level": 2
		}
	},
	{
		"model": "product.category",
		"pk": 125,
		"fields": {
			"private_metadata": {},
			"metadata": {},
			"seo_title": "",
			"seo_description": "",
			"name": "\u0391\u03b5\u03c1\u03b1\u03b3\u03c9\u03b3\u03bf\u03af",
			"slug": "aeragogoi",
			"description": {
				"blocks": [{ "data": { "text": "" }, "type": "paragraph" }]
			},
			"parent": 108,
			"background_image": "category-backgrounds/accessories_HMorc9P.jpg",
			"background_image_alt": "",
			"tree_id": 1,
			"level": 2
		}
	},
	{
		"model": "product.category",
		"pk": 126,
		"fields": {
			"private_metadata": {},
			"metadata": {},
			"seo_title": "",
			"seo_description": "",
			"name": "\u039c\u03b1\u03bd\u03b9\u03c4\u03ac\u03c1\u03b9\u03b1",
			"slug": "manitaria",
			"description": {
				"blocks": [{ "data": { "text": "" }, "type": "paragraph" }]
			},
			"parent": 108,
			"background_image": "category-backgrounds/accessories_HMorc9P.jpg",
			"background_image_alt": "",
			"tree_id": 1,
			"level": 2
		}
	},
	{
		"model": "product.category",
		"pk": 127,
		"fields": {
			"private_metadata": {},
			"metadata": {},
			"seo_title": "",
			"seo_description": "",
			"name": "\u03a0\u03c1\u03bf\u03c3\u03c4\u03b1\u03c4\u03b5\u03c5\u03c4\u03b9\u03ba\u03ac \u039c\u03b1\u03bd\u03b9\u03c4\u03ac\u03c1\u03b9\u03b1",
			"slug": "prostateutika-manitaria",
			"description": {
				"blocks": [{ "data": { "text": "" }, "type": "paragraph" }]
			},
			"parent": 108,
			"background_image": "category-backgrounds/accessories_HMorc9P.jpg",
			"background_image_alt": "",
			"tree_id": 1,
			"level": 2
		}
	},
	{
		"model": "product.category",
		"pk": 128,
		"fields": {
			"private_metadata": {},
			"metadata": {},
			"seo_title": "",
			"seo_description": "",
			"name": " \u0392\u03ac\u03c3\u03b5\u03b9\u03c2 \u03c0\u03b9\u03bd\u03b1\u03ba\u03af\u03b4\u03b1\u03c2",
			"slug": "baseis-pinakidas",
			"description": {
				"blocks": [{ "data": { "text": "" }, "type": "paragraph" }]
			},
			"parent": 108,
			"background_image": "category-backgrounds/accessories_HMorc9P.jpg",
			"background_image_alt": "",
			"tree_id": 1,
			"level": 2
		}
	},
	{
		"model": "product.category",
		"pk": 129,
		"fields": {
			"private_metadata": {},
			"metadata": {},
			"seo_title": "",
			"seo_description": "",
			"name": "\u039c\u03b1\u03bd\u03ad\u03c4\u03b5\u03c2",
			"slug": "manetes",
			"description": {
				"blocks": [{ "data": { "text": "" }, "type": "paragraph" }]
			},
			"parent": 108,
			"background_image": "category-backgrounds/accessories_HMorc9P.jpg",
			"background_image_alt": "",
			"tree_id": 1,
			"level": 2
		}
	},
	{
		"model": "product.category",
		"pk": 130,
		"fields": {
			"private_metadata": {},
			"metadata": {},
			"seo_title": "",
			"seo_description": "",
			"name": "\u0391\u03bb\u03c5\u03c3\u03af\u03b4\u03b5\u03c2",
			"slug": "alusides",
			"description": {
				"blocks": [{ "data": { "text": "" }, "type": "paragraph" }]
			},
			"parent": 108,
			"background_image": "category-backgrounds/accessories_HMorc9P.jpg",
			"background_image_alt": "",
			"tree_id": 1,
			"level": 2
		}
	},
	{
		"model": "product.category",
		"pk": 131,
		"fields": {
			"private_metadata": {},
			"metadata": {},
			"seo_title": "",
			"seo_description": "",
			"name": "\u03a6\u03af\u03bb\u03c4\u03c1\u03b1 \u0391\u03ad\u03c1\u03b1",
			"slug": "philtra-aera",
			"description": {
				"blocks": [{ "data": { "text": "" }, "type": "paragraph" }]
			},
			"parent": 109,
			"background_image": "category-backgrounds/accessories_HMorc9P.jpg",
			"background_image_alt": "",
			"tree_id": 1,
			"level": 2
		}
	},
	{
		"model": "product.category",
		"pk": 132,
		"fields": {
			"private_metadata": {},
			"metadata": {},
			"seo_title": "",
			"seo_description": "",
			"name": "\u0394\u03b9\u03b1\u03ba\u03cc\u03c0\u03c4\u03b5\u03c2",
			"slug": "diakoptes",
			"description": {
				"blocks": [{ "data": { "text": "" }, "type": "paragraph" }]
			},
			"parent": 110,
			"background_image": "category-backgrounds/accessories_HMorc9P.jpg",
			"background_image_alt": "",
			"tree_id": 1,
			"level": 2
		}
	},
	{
		"model": "product.category",
		"pk": 133,
		"fields": {
			"private_metadata": {},
			"metadata": {},
			"seo_title": "",
			"seo_description": "",
			"name": "\u039a\u03cc\u03bc\u03c0\u03bb\u03b5\u03c1 \u03bc\u03af\u03b6\u03b1\u03c2",
			"slug": "kompler-mizas",
			"description": {
				"blocks": [{ "data": { "text": "" }, "type": "paragraph" }]
			},
			"parent": 110,
			"background_image": "category-backgrounds/accessories_HMorc9P.jpg",
			"background_image_alt": "",
			"tree_id": 1,
			"level": 2
		}
	},
	{
		"model": "product.category",
		"pk": 134,
		"fields": {
			"private_metadata": {},
			"metadata": {},
			"seo_title": "",
			"seo_description": "",
			"name": "\u039c\u03b5\u03c4\u03b1\u03b3\u03c9\u03b3\u03b5\u03af\u03c2-Quickshifter",
			"slug": "metagogeis-quickshifter",
			"description": {
				"blocks": [{ "data": { "text": "" }, "type": "paragraph" }]
			},
			"parent": 110,
			"background_image": "category-backgrounds/accessories_HMorc9P.jpg",
			"background_image_alt": "",
			"tree_id": 1,
			"level": 2
		}
	},
	{
		"model": "product.category",
		"pk": 135,
		"fields": {
			"private_metadata": {},
			"metadata": {},
			"seo_title": "",
			"seo_description": "",
			"name": "\u0391\u03bd\u03c5\u03c8\u03c9\u03c4\u03b9\u03ba\u03cc stand",
			"slug": "anupsotiko-stand",
			"description": {
				"blocks": [{ "data": { "text": "" }, "type": "paragraph" }]
			},
			"parent": 111,
			"background_image": "category-backgrounds/accessories_HMorc9P.jpg",
			"background_image_alt": "",
			"tree_id": 1,
			"level": 2
		}
	},
	{
		"model": "product.category",
		"pk": 136,
		"fields": {
			"private_metadata": {},
			"metadata": {},
			"seo_title": "",
			"seo_description": "",
			"name": "\u039f\u03bb\u03cc\u03ba\u03bb\u03b7\u03c1\u03b7 \u039c\u03bf\u03c4\u03bf\u03c3\u03c5\u03ba\u03bb\u03ad\u03c4\u03b1",
			"slug": "oloklere-motosukleta",
			"description": {
				"blocks": [{ "data": { "text": "" }, "type": "paragraph" }]
			},
			"parent": 111,
			"background_image": "category-backgrounds/accessories_HMorc9P.jpg",
			"background_image_alt": "",
			"tree_id": 1,
			"level": 2
		}
	},
	{
		"model": "product.producttype",
		"pk": 137,
		"fields": {
			"private_metadata": {},
			"metadata": {
				"vatlayer.code": "standard",
				"vatlayer.description": "standard"
			},
			"name": "Moto General",
			"slug": "moto-general",
			"has_variants": false,
			"is_shipping_required": true,
			"is_digital": false,
			"weight": "1.0:kg"
		}
	},
	{
		"model": "attribute.attribute",
		"pk": 138,
		"fields": {
			"private_metadata": {},
			"metadata": {},
			"slug": "manufacturer",
			"name": "\u039a\u03b1\u03c4\u03b1\u03c3\u03ba\u03b5\u03c5\u03b1\u03c3\u03c4\u03ae\u03c2",
			"type": "product-type",
			"input_type": "multiselect",
			"value_required": false,
			"is_variant_only": false,
			"visible_in_storefront": true,
			"filterable_in_storefront": true,
			"filterable_in_dashboard": false,
			"storefront_search_position": 0,
			"available_in_grid": true
		}
	},
	{
		"model": "attribute.attribute",
		"pk": 139,
		"fields": {
			"private_metadata": {},
			"metadata": {},
			"slug": "model",
			"name": "\u039c\u03bf\u03bd\u03c4\u03ad\u03bb\u03bf",
			"type": "product-type",
			"input_type": "rich-text",
			"value_required": false,
			"is_variant_only": false,
			"visible_in_storefront": true,
			"filterable_in_storefront": false,
			"filterable_in_dashboard": false,
			"storefront_search_position": 0,
			"available_in_grid": true
		}
	},
	{
		"model": "attribute.attribute",
		"pk": 140,
		"fields": {
			"private_metadata": {},
			"metadata": {},
			"slug": "motorycle-fitment",
			"name": "\u039c\u03bf\u03bd\u03c4\u03ad\u03bb\u03bf \u039c\u03bf\u03c4\u03bf\u03c3\u03c5\u03ba\u03bb\u03ad\u03c4\u03b1\u03c2",
			"type": "product-type",
			"input_type": "multiselect",
			"value_required": false,
			"is_variant_only": false,
			"visible_in_storefront": true,
			"filterable_in_storefront": true,
			"filterable_in_dashboard": false,
			"storefront_search_position": 0,
			"available_in_grid": true
		}
	},
	{
		"model": "attribute.attribute",
		"pk": 141,
		"fields": {
			"private_metadata": {},
			"metadata": {},
			"slug": "car_url",
			"name": "Car.gr Url",
			"type": "product-type",
			"input_type": "rich-text",
			"value_required": false,
			"is_variant_only": false,
			"visible_in_storefront": true,
			"filterable_in_storefront": false,
			"filterable_in_dashboard": false,
			"storefront_search_position": 0,
			"available_in_grid": true
		}
	},
	{
		"model": "attribute.attributeproduct",
		"pk": 142,
		"fields": { "sort_order": null, "attribute": 140, "product_type": 137 }
	},
	{
		"model": "attribute.attributeproduct",
		"pk": 143,
		"fields": { "sort_order": null, "attribute": 138, "product_type": 137 }
	},
	{
		"model": "attribute.attributeproduct",
		"pk": 144,
		"fields": { "sort_order": null, "attribute": 139, "product_type": 137 }
	},
	{
		"model": "attribute.attributeproduct",
		"pk": 145,
		"fields": { "sort_order": null, "attribute": 141, "product_type": 137 }
	},
	{
		"model": "attribute.attributevalue",
		"pk": 146,
		"fields": {
			"sort_order": 0,
			"name": "Ducati PANIGALE",
			"value": "",
			"slug": "ducati-panigale",
			"attribute": 140
		}
	},
	{
		"model": "attribute.attributevalue",
		"pk": 147,
		"fields": {
			"sort_order": 0,
			"name": "Honda CBR 1000RR 2020",
			"value": "",
			"slug": "honda-cbr-1000rr-2020",
			"attribute": 140
		}
	},
	{
		"model": "attribute.attributevalue",
		"pk": 148,
		"fields": {
			"sort_order": 0,
			"name": "Honda Fireblade 2020",
			"value": "",
			"slug": "honda-fireblade-2020",
			"attribute": 140
		}
	},
	{
		"model": "attribute.attributevalue",
		"pk": 149,
		"fields": {
			"sort_order": 0,
			"name": "Honda CBR 1000RR-R 2020",
			"value": "",
			"slug": "honda-cbr-1000rr-r-2020",
			"attribute": 140
		}
	},
	{
		"model": "attribute.attributevalue",
		"pk": 150,
		"fields": {
			"sort_order": 0,
			"name": "MWR",
			"value": "",
			"slug": "mwr",
			"attribute": 138
		}
	},
	{
		"model": "attribute.attributevalue",
		"pk": 151,
		"fields": {
			"sort_order": 0,
			"name": "MWR2",
			"value": "",
			"slug": "mwr2",
			"attribute": 138
		}
	},
	{
		"model": "product.product",
		"pk": 152,
		"fields": {
			"private_metadata": {},
			"metadata": {
				"taxes": {
					"vatlayer": {
						"code": "standard",
						"description": "standard"
					}
				}
			},
			"seo_title": "",
			"seo_description": "\u03a6\u03af\u03bb\u03c4\u03c1\u03bf MWR \"RACING\" \u03b3\u03b9\u03b1 Ducati 899/959/1199/1299 Panigale Complete kit(Racing Airfilter&holder) for race use only, MC-022-12-R",
			"product_type": 137,
			"name": "\u03a6\u03af\u03bb\u03c4\u03c1\u03bf MWR \"RACING\" \u03b3\u03b9\u03b1 Ducati 899/959/1199/1299 Panigale Complete kit(Racing Airfilter&holder) for race use only, MC-022-12-R",
			"slug": "philtro-mwr-racing-gia-ducati-899-959-1199-1299-panigale-complete-kit-racing-airfilter-holder-for-race-use-only-mc-022-12-r",
			"description": {
				"blocks": [
					{
						"data": {
							"text": "\u0391\u03c0\u03bf \u03c4\u03b7 \u03c0\u03c1\u03ce\u03c4\u03b7 \u03bc\u03ad\u03c1\u03b1 \u03c0\u03bf\u03c5 \u03b7 MWR \u03be\u03b5\u03ba\u03af\u03bd\u03b7\u03c3\u03b5 \u03bd\u03b1 \u03ba\u03b1\u03c4\u03b1\u03c3\u03ba\u03b5\u03c5\u03ac\u03c3\u03b5\u03b9 \u03c6\u03af\u03bb\u03c4\u03c1\u03b1 \u03b1\u03ad\u03c1\u03b1 \u03c0\u03c1\u03af\u03bd \u03b5\u03af\u03ba\u03bf\u03c3\u03b9 \u03c7\u03c1\u03cc\u03bd\u03b9\u03b1, \u03b4\u03cd\u03bf \u03ae\u03c4\u03b1\u03bd \u03bf\u03b9 \u03ba\u03cd\u03c1\u03b9\u03bf\u03b9 \u03c3\u03c4\u03cc\u03c7\u03bf\u03b9 \u03c4\u03b7\u03c2: H \u03b2\u03b5\u03bb\u03c4\u03af\u03c9\u03c3\u03b7 \u03c4\u03b7\u03c2 \u03b1\u03c0\u03cc\u03b4\u03bf\u03c3\u03b7\u03c2 \u03c3\u03b5 \u03cc\u03bb\u03bf \u03c4\u03bf \u03c6\u03ac\u03c3\u03bc\u03b1 \u03c4\u03c9\u03bd \u03c3\u03c4\u03c1\u03bf\u03c6\u03ce\u03bd \u03ba\u03b1\u03b9 \u03b7 \u03bc\u03ad\u03b3\u03b9\u03c3\u03c4\u03b7 \u03c0\u03c1\u03bf\u03c3\u03c4\u03b1\u03c3\u03af\u03b1 \u03c4\u03bf\u03c5 \u03ba\u03b9\u03bd\u03b7\u03c4\u03ae\u03c1\u03b1. "
						},
						"type": "paragraph"
					},
					{
						"data": {
							"text": "\u039c\u03ad\u03c3\u03b1 \u03c3\u2019\u03b1\u03c5\u03c4\u03ac \u03c4\u03b1 \u03c7\u03c1\u03cc\u03bd\u03b9\u03b1 \u03b7 \u03b5\u03c4\u03b1\u03b9\u03c1\u03af\u03b1 \u03c3\u03c5\u03bd\u03b5\u03c1\u03b3\u03ac\u03c3\u03c4\u03b7\u03ba\u03b5 \u03bc\u03b5 \u03bf\u03b4\u03b7\u03b3\u03bf\u03cd\u03c2, \u03c0\u03b1\u03b3\u03ba\u03cc\u03c3\u03bc\u03b9\u03bf\u03c5\u03c2 \u03c0\u03c1\u03c9\u03c4\u03b1\u03b8\u03bb\u03b7\u03c4\u03ad\u03c2 \u03ba\u03b1\u03b9 \u03b5\u03c1\u03b3\u03bf\u03c3\u03c4\u03b1\u03c3\u03b9\u03b1\u03ba\u03ad\u03c2 \u03bf\u03bc\u03ac\u03b4\u03b5\u03c2 \u03ce\u03c3\u03c4\u03b5 \u03bd\u03b1 \u03ba\u03b5\u03c1\u03b4\u03af\u03c3\u03b5\u03b9 \u03b5\u03bc\u03c0\u03b5\u03b9\u03c1\u03af\u03b1 \u03c3\u03c4\u03b9\u03c2 \u03c0\u03b9\u03bf \u03b1\u03c0\u03b1\u03b9\u03c4\u03b7\u03c4\u03b9\u03ba\u03ad\u03c2 \u03c3\u03c5\u03bd\u03b8\u03ae\u03ba\u03b5\u03c2 \u03ba\u03b1\u03b9 \u03bd\u03b1 \u03c0\u03c1\u03bf\u03c3\u03c6\u03ad\u03c1\u03b5\u03b9 \u03c4\u03b5\u03bb\u03b9\u03ba\u03ac \u03c4\u03b1 \u03c0\u03bf\u03b9\u03bf\u03c4\u03b9\u03ba\u03cc\u03c4\u03b5\u03c1\u03b1 \u03ba\u03b1\u03b9 \u03c0\u03b9\u03bf \u03b1\u03c0\u03bf\u03b4\u03bf\u03c4\u03b9\u03ba\u03ac \u03c6\u03af\u03bb\u03c1\u03b1 \u03b1\u03ad\u03c1\u03bf\u03c2."
						},
						"type": "paragraph"
					},
					{ "data": { "text": "" }, "type": "paragraph" },
					{
						"data": {
							"text": "\u0397 MWR \u03c0\u03c1\u03bf\u03ba\u03b5\u03b9\u03bc\u03ad\u03bd\u03bf\u03c5 \u03bd\u03b1 \u03c0\u03c1\u03bf\u03c3\u03c6\u03ad\u03c1\u03b5\u03b9 \u03c4\u03bf \u03ba\u03b1\u03bb\u03cd\u03c4\u03b5\u03c1\u03bf \u03c6\u03af\u03bb\u03c4\u03c1\u03bf \u03b1\u03ad\u03c1\u03b1 \u03b3\u03b9\u03b1 \u03ba\u03ac\u03b8\u03b5 \u03c7\u03c1\u03ae\u03c3\u03c4\u03b7 \u03c0\u03b1\u03c1\u03ac\u03b3\u03b5\u03b9 \u03c4\u03c1\u03b5\u03af\u03c2 \u03b4\u03b9\u03b1\u03c6\u03bf\u03c1\u03b5\u03c4\u03b9\u03ba\u03bf\u03cd\u03c2 \u03c4\u03cd\u03c0\u03bf\u03c5\u03c2 \u03c6\u03af\u03bb\u03c4\u03c1\u03c9\u03bd, \u03bc\u03b5 \u03b4\u03b9\u03b1\u03c6\u03bf\u03c1\u03b5\u03c4\u03b9\u03ba\u03ad\u03c2 \u03b9\u03b4\u03b9\u03cc\u03c4\u03b7\u03c4\u03b5\u03c2 \u03c4\u03bf \u03ba\u03b1\u03b8\u2019\u03ad\u03bd\u03b1 \u03b1\u03c0\u2019\u03b1\u03c5\u03c4\u03ac. "
						},
						"type": "paragraph"
					},
					{
						"data": {
							"text": "\u038c\u03bb\u03bf\u03b9 \u03bf\u03b9 \u03c4\u03cd\u03c0\u03bf\u03b9 \u03c6\u03af\u03bb\u03c4\u03c1\u03c9\u03bd \u03b2\u03b1\u03c3\u03af\u03b6\u03bf\u03bd\u03c4\u03b1\u03b9 \u03c3\u03c4\u03bf \u03b5\u03b9\u03b4\u03b9\u03ba\u03ae\u03c2 \u03ba\u03b1\u03c4\u03b1\u03c3\u03ba\u03b5\u03c5\u03ae\u03c2 \u03b1\u03c6\u03c1\u03ce\u03b4\u03b5\u03c2 \u03c0\u03c5\u03c1\u03af\u03bc\u03b1\u03c7\u03bf \u03c5\u03bb\u03b9\u03ba\u03cc (FR Foam) \u03c0\u03bf\u03c5 \u03c3\u03c5\u03bd\u03b4\u03c5\u03ac\u03b6\u03b5\u03c4\u03b1\u03b9 \u03bc\u03b5 \u03b1\u03bd\u03c4\u03af\u03c3\u03c4\u03bf\u03b9\u03c7\u03b1 \u03ba\u03bf\u03c1\u03c5\u03c6\u03b1\u03af\u03b1\u03c2 \u03c0\u03bf\u03b9\u03cc\u03c4\u03b7\u03c4\u03b1\u03c2 \u03c5\u03bb\u03b9\u03ba\u03ac \u03cc\u03c0\u03c9\u03c2 \u03c4\u03bf \u03b1\u03bb\u03bf\u03c5\u03bc\u03af\u03bd\u03b9\u03bf \u03ba\u03b1\u03b9 \u03c4\u03bf \u03b1\u03bd\u03bf\u03be\u03b5\u03af\u03b4\u03c9\u03c4\u03bf \u03b1\u03c4\u03c3\u03ac\u03bb\u03b9. \u03a4\u03b7 \u03c0\u03c1\u03bf\u03c3\u03c4\u03b1\u03c3\u03af\u03b1 \u03c4\u03bf\u03c5 \u03ba\u03b9\u03bd\u03b7\u03c4\u03ae\u03c1\u03b1 \u03c4\u03b7\u03bd \u03b1\u03bd\u03b1\u03bb\u03b1\u03bc\u03b2\u03ac\u03bd\u03b5\u03b9 \u03c4\u03bf \u03b5\u03b9\u03b4\u03b9\u03ba\u03ae\u03c2 \u03b2\u03b9\u03bf\u03b4\u03b9\u03b1\u03c3\u03c0\u03cc\u03bc\u03b5\u03bd\u03b7\u03c2 \u03ba\u03b1\u03c4\u03b1\u03c3\u03ba\u03b5\u03c5\u03ae\u03c2 \u03bb\u03ac\u03b4\u03b9, \u03c0\u03c5\u03c1\u03af\u03bc\u03b1\u03c7\u03bf \u03ba\u03b1\u03b9 \u03b1\u03c5\u03c4\u03cc, \u03b5\u03bd\u03ce \u03c0\u03b1\u03c1\u03ac\u03bb\u03bb\u03b7\u03bb\u03b1 \u03b5\u03af\u03bd\u03b1\u03b9 \u03ba\u03b1\u03b9 \u03c6\u03b9\u03bb\u03b9\u03ba\u03cc \u03c0\u03c1\u03bf\u03c2 \u03c4\u03bf \u03c0\u03b5\u03c1\u03b9\u03b2\u03ac\u03bb\u03bb\u03bf\u03bd."
						},
						"type": "paragraph"
					},
					{ "data": { "text": "" }, "type": "paragraph" },
					{
						"data": {
							"text": "\u03a4\u03b1 \u03c6\u03af\u03bb\u03c4\u03c1\u03b1 :"
						},
						"type": "paragraph"
					},
					{ "data": { "text": "" }, "type": "paragraph" },
					{
						"data": {
							"text": "1. MWR \u03c6\u03af\u03bb\u03c4\u03c1\u03bf \u201cPerformance\u201d"
						},
						"type": "paragraph"
					},
					{
						"data": {
							"text": "\u03a0\u03c1\u03bf\u03c3\u03c6\u03ad\u03c1\u03b5\u03b9 \u03b2\u03b5\u03bb\u03c4\u03b9\u03c9\u03bc\u03ad\u03bd\u03b7 \u03c1\u03bf\u03ae \u03b1\u03ad\u03c1\u03b1 \u03c7\u03c9\u03c1\u03af\u03c2 \u03ba\u03b1\u03bd\u03ad\u03bd\u03b1 \u03c3\u03c5\u03bc\u03b2\u03b9\u03b2\u03b1\u03c3\u03bc\u03cc \u03c3\u03c4\u03b7 \u03c0\u03c1\u03bf\u03c3\u03c4\u03b1\u03c3\u03af\u03b1 \u03c4\u03bf\u03c5 \u03ba\u03b9\u03bd\u03b7\u03c4\u03ae\u03c1\u03b1. \u03a0\u03b1\u03c1\u03ac\u03bb\u03bb\u03b7\u03bb\u03b1 \u03b5\u03cd\u03ba\u03bf\u03bb\u03b7 \u03c4\u03bf\u03c0\u03bf\u03b8\u03ad\u03c4\u03b7\u03c3\u03b7 \u03ba\u03b1\u03b9 \u03ba\u03bf\u03c1\u03c5\u03c6\u03b1\u03af\u03b1 \u03b5\u03c6\u03b1\u03c1\u03bc\u03bf\u03b3\u03ae. "
						},
						"type": "paragraph"
					},
					{
						"data": {
							"text": "\u03a3\u03c5\u03bd\u03c4\u03ae\u03c1\u03b7\u03c3\u03b7 \u03c4\u03bf\u03c5 \u03c6\u03af\u03bb\u03c4\u03c1\u03bf\u03c5 \u03b1\u03ad\u03c1\u03b1 \u03b1\u03bd\u03b1 \u03c7\u03c1\u03cc\u03bd\u03bf \u03ae \u03b1\u03bd\u03b1 5000\u03c7\u03bb\u03bc \u03bc\u03b5 \u03c4\u03b1 \u03ba\u03af\u03c4 \u03c3\u03c5\u03bd\u03c4\u03ae\u03c1\u03b7\u03c3\u03b7\u03c2 \u03c4\u03b7\u03c2 MWR."
						},
						"type": "paragraph"
					},
					{ "data": { "text": "" }, "type": "paragraph" },
					{
						"data": {
							"text": "2. MWR \u03c6\u03af\u03bb\u03c4\u03c1\u03bf \u201cHigh Efficient\u201d (\u03ae \u03c6\u03af\u03bb\u03c4\u03c1\u03bf \u201cHE\u201d )"
						},
						"type": "paragraph"
					},
					{
						"data": {
							"text": "\u0395\u03c0\u03b1\u03bd\u03b1\u03c3\u03c4\u03b1\u03c4\u03b9\u03ba\u03ae\u03c2 \u03c3\u03c7\u03b5\u03b4\u03af\u03b1\u03c3\u03b7\u03c2 \u03c6\u03af\u03bb\u03c4\u03c1\u03bf \u03b1\u03ad\u03c1\u03b1, \u03c0\u03c1\u03cc\u03ba\u03b5\u03b9\u03c4\u03b1\u03b9 \u03b3\u03b9\u03b1 \u03c4\u03bf \u03ba\u03bf\u03c1\u03c5\u03c6\u03b1\u03af\u03bf \u03bc\u03bf\u03bd\u03c4\u03ad\u03bb\u03bf \u03c4\u03b7\u03c2 \u03b5\u03c4\u03b1\u03b9\u03c1\u03af\u03b1\u03c2 \u03b3\u03b9\u03b1 \u03bc\u03bf\u03c4\u03bf\u03c3\u03c5\u03ba\u03bb\u03ad\u03c4\u03b5\u03c2 \u03c7\u03c1\u03ae\u03c3\u03b7\u03c2 \u03b4\u03c1\u03cc\u03bc\u03bf\u03c5 \u03ba\u03b1\u03b9 \u03c0\u03af\u03c3\u03c4\u03b1\u03c2. "
						},
						"type": "paragraph"
					},
					{
						"data": {
							"text": "\u03a3\u03c7\u03b5\u03b4\u03b9\u03b1\u03c3\u03bc\u03ad\u03bd\u03bf \u03ce\u03c3\u03c4\u03b5 \u03bd\u03b1 \u03b5\u03be\u03b9\u03c3\u03bf\u03c1\u03c1\u03bf\u03c0\u03b5\u03af \u03c4\u03b7 \u03c1\u03bf\u03ae \u03c4\u03bf\u03c5 \u03b1\u03ad\u03c1\u03b1 \u03c3\u03c4\u03bf \u03ba\u03ac\u03b8\u03b5 \u03ba\u03cd\u03bb\u03b9\u03bd\u03b4\u03c1\u03bf \u03c0\u03b5\u03c4\u03c5\u03c7\u03b1\u03af\u03bd\u03bf\u03bd\u03c4\u03b1\u03c2 \u03bc\u03b5 \u03c4\u03b7\u03bd \u03b1\u03bd\u03ac\u03bb\u03bf\u03b3\u03b7 \u03c7\u03b1\u03c1\u03c4\u03bf\u03b3\u03c1\u03ac\u03c6\u03b9\u03c3\u03b7 \u03c3\u03b7\u03bc\u03b1\u03bd\u03c4\u03b9\u03ba\u03ae \u03b1\u03cd\u03be\u03b7\u03c3\u03b7\u03c2 \u03b1\u03c0\u03cc\u03b4\u03bf\u03c3\u03b7\u03c2 \u03ba\u03b1\u03b9 \u03c1\u03bf\u03c0\u03ae\u03c2."
						},
						"type": "paragraph"
					},
					{
						"data": {
							"text": "\u0391\u03c5\u03c4\u03bf\u03cd \u03c4\u03bf\u03c5 \u03c4\u03cd\u03c0\u03bf\u03c5 \u03c4\u03b7 \u03c4\u03b5\u03c7\u03bd\u03bf\u03bb\u03bf\u03b3\u03af\u03b1 \u03ae\u03b4\u03b7 \u03c4\u03b7 \u03c7\u03c1\u03b7\u03c3\u03b9\u03bc\u03bf\u03c0\u03bf\u03b9\u03bf\u03cd\u03bd \u03c3\u03c4\u03b7 \u03c0\u03bb\u03b5\u03b9\u03bf\u03c8\u03b7\u03c6\u03af\u03b1 \u03c4\u03bf\u03c5\u03c2 \u03bf\u03b9 \u03c0\u03b5\u03c1\u03b9\u03c3\u03c3\u03cc\u03c4\u03b5\u03c1\u03b5\u03c2 \u03bc\u03bf\u03c4\u03bf\u03c3\u03c5\u03ba\u03bb\u03ad\u03c4\u03b5\u03c2 \u03c4\u03c9\u03bd \u03ba\u03b1\u03c4\u03b7\u03b3\u03bf\u03c1\u03b9\u03ce\u03bd \u03c4\u03bf\u03c5 Motogp, moto2, wsbk & wss \u03b1\u03bd\u03b5\u03be\u03ac\u03c1\u03c4\u03b7\u03c4\u03b1 \u03b1\u03c0\u03bf \u03c4\u03bf \u03ba\u03b1\u03c4\u03b1\u03c3\u03ba\u03b5\u03c5\u03b1\u03c3\u03c4\u03ae \u03c0\u03bf\u03c5 \u03c0\u03c1\u03bf\u03b2\u03ac\u03bb\u03bf\u03c5\u03bd."
						},
						"type": "paragraph"
					},
					{
						"data": {
							"text": "\u03a3\u03c5\u03c3\u03c4\u03ae\u03bd\u03b5\u03c4\u03b1\u03b9 \u03b5\u03c0\u03b1\u03bd\u03b1\u03c7\u03b1\u03c1\u03c4\u03bf\u03b3\u03c1\u03ac\u03c6\u03b9\u03c3\u03b7 \u03c4\u03b7\u03c2 \u03c4\u03c1\u03bf\u03c6\u03bf\u03b4\u03bf\u03c3\u03af\u03b1\u03c2 \u03c4\u03b7\u03c2 \u03bc\u03bf\u03c4\u03bf\u03c3\u03b9\u03ba\u03bb\u03ad\u03c4\u03b1\u03c2."
						},
						"type": "paragraph"
					},
					{
						"data": {
							"text": "\u03a3\u03c5\u03bd\u03c4\u03ae\u03c1\u03b7\u03c3\u03b7 \u03c4\u03bf\u03c5 \u03c6\u03af\u03bb\u03c4\u03c1\u03bf\u03c5 \u03b1\u03ad\u03c1\u03b1 \u03b1\u03bd\u03b1 \u03c7\u03c1\u03cc\u03bd\u03bf \u03ae \u03b1\u03bd\u03b1 5000\u03c7\u03bb\u03bc \u03bc\u03b5 \u03c4\u03b1 \u03ba\u03af\u03c4 \u03c3\u03c5\u03bd\u03c4\u03ae\u03c1\u03b7\u03c3\u03b7\u03c2 \u03c4\u03b7\u03c2 MWR"
						},
						"type": "paragraph"
					},
					{ "data": { "text": "" }, "type": "paragraph" },
					{
						"data": {
							"text": "3. MWR \u03c6\u03af\u03bb\u03c4\u03c1\u03bf \u201cRacing\u201d"
						},
						"type": "paragraph"
					},
					{
						"data": {
							"text": "\u03a3\u03c7\u03b5\u03b4\u03b9\u03b1\u03c3\u03bc\u03ad\u03bd\u03bf \u03bc\u03b5 \u03b4\u03b5\u03b4\u03bf\u03bc\u03ad\u03bd\u03b1 \u03c0\u03c1\u03bf\u03b5\u03c1\u03c7\u03cc\u03bc\u03b5\u03bd\u03b1 \u03b1\u03c0\u03bf \u03c4\u03b7\u03bb\u03b5\u03bc\u03b5\u03c4\u03c1\u03b9\u03ba\u03ac \u03c3\u03c4\u03bf\u03b9\u03c7\u03b5\u03af\u03b1 \u03b1\u03b3\u03c9\u03bd\u03b9\u03c3\u03c4\u03b9\u03ba\u03ce\u03bd \u03bf\u03bc\u03ac\u03b4\u03c9\u03bd \u03c3\u03c5\u03bd\u03b5\u03c1\u03b3\u03b1\u03b6\u03cc\u03bc\u03b5\u03bd\u03c9\u03bd \u03bc\u03b5 \u03c4\u03b7\u03bd MWR. "
						},
						"type": "paragraph"
					},
					{
						"data": {
							"text": "\u03a0\u03c1\u03bf\u03c3\u03c6\u03ad\u03c1\u03bf\u03c5\u03bd \u03c4\u03b7\u03bd \u03b1\u03c0\u03cc\u03bb\u03c5\u03c4\u03b7 \u03b1\u03c0\u03cc\u03b4\u03bf\u03c3\u03b7 \u03b4\u03b9\u03b1\u03c4\u03b7\u03c1\u03ce\u03bd\u03c4\u03b1\u03c2 \u03c4\u03b1 \u03c0\u03bf\u03bb\u03cd \u03c5\u03c8\u03b7\u03bb\u03ac \u03b5\u03c0\u03af\u03c0\u03b5\u03b4\u03b1 \u03c0\u03c1\u03bf\u03c3\u03c4\u03b1\u03c3\u03af\u03b1\u03c2 \u03c4\u03bf\u03c5 \u03ba\u03b9\u03bd\u03b7\u03c4\u03ae\u03c1\u03b1, \u03b1\u03c0\u03bb\u03ac \u03b1\u03c0\u03b1\u03b9\u03c4\u03bf\u03cd\u03bd \u03c0\u03b9\u03bf \u03c3\u03c5\u03c7\u03bd\u03ae \u03c3\u03c5\u03bd\u03c4\u03ae\u03c1\u03b7\u03c3\u03b7. \u038c\u03c0\u03c9\u03c2 \u03ba\u03b1\u03b9 \u03c3\u03c4\u03b7 \u03c0\u03b5\u03c1\u03af\u03c0\u03c4\u03c9\u03c3\u03b7 \u03c4\u03c9\u03bd \u03c6\u03af\u03bb\u03c4\u03c1\u03c9\u03bd \u201cHE\u201d \u03b1\u03c0\u2019 \u03cc\u03c0\u03bf\u03c5 \u03ba\u03b1\u03b9 \u03b2\u03b1\u03c3\u03af\u03b6\u03bf\u03bd\u03c4\u03b1\u03b9 \u03ba\u03b1\u03b9 \u03c3\u03b5 \u03b1\u03bd\u03c4\u03af\u03b8\u03b5\u03c3\u03b7 \u03bc\u03b5 \u03c4\u03b1 \u03c6\u03af\u03bb\u03c4\u03c1\u03b1 \u03cc\u03bb\u03c9\u03bd \u03c4\u03c9\u03bd \u03b1\u03bd\u03c4\u03b1\u03b3\u03c9\u03bd\u03b9\u03c3\u03c4\u03ce\u03bd \u03c4\u03bf \u03bc\u03b5\u03b3\u03ac\u03bb\u03bf \u03c4\u03bf\u03c5\u03c2 \u03c0\u03bb\u03b5\u03bf\u03bd\u03ad\u03ba\u03c4\u03b7\u03bc\u03b1 \u03b5\u03af\u03bd\u03b1\u03b9 \u03b7 \u03b2\u03ad\u03bb\u03c4\u03b9\u03c3\u03c4\u03b7 \u03ba\u03b1\u03b9 \u03b9\u03c3\u03bf\u03bc\u03b5\u03c1\u03ae \u03c0\u03bf\u03c3\u03cc\u03c4\u03b7\u03c4\u03b1 \u03b1\u03ad\u03c1\u03b1 \u03c3\u03b5 \u03ba\u03ac\u03b8\u03b5 \u03ad\u03bd\u03b1\u03bd \u03b1\u03c0\u03bf \u03c4\u03bf\u03c5 \u03ba\u03c5\u03bb\u03af\u03bd\u03b4\u03c1\u03bf\u03c5\u03c2 \u03c4\u03bf\u03c5 \u03ba\u03b9\u03bd\u03b7\u03c4\u03ae\u03c1\u03b1 \u03c0\u03c1\u03bf\u03c3\u03c6\u03ad\u03c1\u03bf\u03bd\u03c4\u03b1\u03c2 \u03ba\u03bf\u03c1\u03c5\u03c6\u03b1\u03af\u03b1 \u03bd\u03bf\u03cd\u03bc\u03b5\u03c1\u03b1 \u03b1\u03c0\u03cc\u03b4\u03bf\u03c3\u03b7\u03c2."
						},
						"type": "paragraph"
					},
					{ "data": { "text": "" }, "type": "paragraph" },
					{
						"data": {
							"text": "4. MWR \u03c6\u03af\u03bb\u03c4\u03c1\u03bf WSBK. \u03a4\u03bf \u03b1\u03c0\u03cc\u03c4\u03c5\u03c4\u03b1 \u03b1\u03b3\u03c9\u03bd\u03b9\u03c3\u03c4\u03b9\u03ba\u03cc \u03c6\u03af\u03bb\u03c4\u03c1\u03bf \u03b1\u03ad\u03c1\u03b1 \u03c4\u03b7\u03c2 \u03b5\u03c4\u03b1\u03b9\u03c1\u03b5\u03af\u03b1\u03c2!"
						},
						"type": "paragraph"
					},
					{
						"data": {
							"text": "H MWR \u03c3\u03b5 \u03c3\u03c5\u03bd\u03b5\u03c1\u03b3\u03b1\u03c3\u03af\u03b1 \u03bc\u03b5 \u03c4\u03b9\u03c2 \u03b5\u03c4\u03b1\u03b9\u03c1\u03b5\u03af\u03b5\u03c2 Kawasaki (KHI), BMW, MV Agusta \u03ba\u03b1\u03b9 \u03c4\u03b9\u03c2 \u03bf\u03bc\u03ac\u03b4\u03b5\u03c2 \u03c4\u03bf\u03c5 MotoGP, \u03ad\u03c7\u03b5\u03b9 \u03b1\u03bd\u03b1\u03c0\u03c4\u03cd\u03be\u03b5\u03b9 \u03ad\u03bd\u03b1 \u03bd\u03ad\u03bf, \u03b1\u03c0\u03bf\u03ba\u03bb\u03b5\u03b9\u03c3\u03c4\u03b9\u03ba\u03ac \u03c0\u03c1\u03bf\u03c3\u03b1\u03c1\u03bc\u03bf\u03c3\u03bc\u03ad\u03bd\u03bf \u03c6\u03af\u03bb\u03c4\u03c1\u03bf \u03b1\u03ad\u03c1\u03b1 \u03c0\u03bf\u03c5 \u03b1\u03c5\u03be\u03ac\u03bd\u03b5\u03b9 \u03b5\u03bd\u03c4\u03c5\u03c0\u03c9\u03c3\u03b9\u03b1\u03ba\u03ac \u03c4\u03b7\u03bd \u03b5\u03c0\u03b9\u03c6\u03ac\u03bd\u03b5\u03b9\u03b1 \u03c4\u03bf\u03c5 \u03c6\u03af\u03bb\u03c4\u03c1\u03bf\u03c5. \u03a4\u03bf \u03c3\u03c7\u03ae\u03bc\u03b1 \u03c4\u03bf\u03c5 \u03c6\u03af\u03bb\u03c4\u03c1\u03bf\u03c5 \u03b5\u03af\u03bd\u03b1\u03b9 \u03b5\u03b9\u03b4\u03b9\u03ba\u03ac \u03c0\u03c1\u03bf\u03c3\u03b1\u03c1\u03bc\u03bf\u03c3\u03bc\u03ad\u03bd\u03bf \u03c3\u03c4\u03bf \u03c6\u03b9\u03bb\u03c4\u03c1\u03bf\u03ba\u03bf\u03cd\u03c4\u03b9, \u03ce\u03c3\u03c4\u03b5 \u03bd\u03b1 \u03ba\u03b1\u03c4\u03b1\u03bb\u03b1\u03bc\u03b2\u03ac\u03bd\u03b5\u03b9 \u03cc\u03c3\u03bf \u03c4\u03bf \u03b4\u03c5\u03bd\u03b1\u03c4\u03cc\u03bd \u03c0\u03b5\u03c1\u03b9\u03c3\u03c3\u03cc\u03c4\u03b5\u03c1\u03bf \u03c7\u03ce\u03c1\u03bf \u03bc\u03ad\u03c3\u03b1 \u03c3\u03b5 \u03b1\u03c5\u03c4\u03cc, \u03ba\u03b1\u03b9 \u03b1\u03c5\u03c4\u03cc\u03c2 \u03b5\u03af\u03bd\u03b1\u03b9 \u03bf \u03bb\u03cc\u03b3\u03bf\u03c2 \u03c0\u03bf\u03c5 \u03b4\u03b5\u03bd \u03ba\u03b1\u03c4\u03b1\u03c3\u03ba\u03b5\u03c5\u03ac\u03b6\u03bf\u03bd\u03c4\u03b1\u03b9 \u03b3\u03b9\u03b1 \u03cc\u03bb\u03bf\u03c5\u03c2 \u03c4\u03bf\u03c5\u03c2 \u03c4\u03cd\u03c0\u03bf\u03c5\u03c2 \u03bc\u03bf\u03c4\u03bf\u03c3\u03c5\u03ba\u03bb\u03b5\u03c4\u03ce\u03bd. \u03a4\u03bf \u03c6\u03af\u03bb\u03c4\u03c1\u03bf WSBK \u03b1\u03c5\u03be\u03ac\u03bd\u03b5\u03b9 \u03c4\u03b7\u03bd \u03b5\u03c0\u03b9\u03c6\u03ac\u03bd\u03b5\u03b9\u03b1 \u03c4\u03bf\u03c5 \u03c6\u03af\u03bb\u03c4\u03c1\u03bf\u03c5 \u03b1\u03c0\u03cc 50-100% \u03b1\u03bd\u03ac\u03bb\u03bf\u03b3\u03b1 \u03bc\u03b5 \u03c4\u03bf \u03bc\u03bf\u03bd\u03c4\u03ad\u03bb\u03bf \u03c4\u03b7\u03c2 \u03bc\u03bf\u03c4\u03bf\u03c3\u03c5\u03ba\u03bb\u03ad\u03c4\u03b1\u03c2. \u038c\u03bb\u03b1 \u03c4\u03b1 \u03c6\u03af\u03bb\u03c4\u03c1\u03b1 WSBK \u03b5\u03af\u03bd\u03b1\u03b9 \u03ba\u03b1\u03c4\u03b1\u03c3\u03ba\u03b5\u03c5\u03b1\u03c3\u03bc\u03ad\u03bd\u03b1 \u03ba\u03b1\u03b9 \u03c3\u03c5\u03bd\u03b1\u03c1\u03bc\u03bf\u03bb\u03bf\u03b3\u03b7\u03bc\u03ad\u03bd\u03b1 \u03c3\u03c4\u03bf \u03c7\u03ad\u03c1\u03b9, \u03b1\u03c0\u03cc \u03b4\u03c5\u03bf \u03b4\u03b9\u03b1\u03c6\u03bf\u03c1\u03b5\u03c4\u03b9\u03ba\u03ac \u03b1\u03c6\u03c1\u03ce\u03b4\u03b7 \u03c5\u03bb\u03b9\u03ba\u03ac. "
						},
						"type": "paragraph"
					},
					{
						"data": {
							"text": "\u0395\u03af\u03bd\u03b1\u03b9 \u03b1\u03c0\u03b1\u03c1\u03b1\u03af\u03c4\u03b7\u03c4\u03b7 \u03b7 \u03b5\u03c0\u03b1\u03bd\u03b1\u03c7\u03b1\u03c1\u03c4\u03bf\u03b3\u03c1\u03ac\u03c6\u03b7\u03c3\u03b7 \u03c4\u03b7\u03c2 \u03c4\u03c1\u03bf\u03c6\u03bf\u03b4\u03bf\u03c3\u03af\u03b1\u03c2 \u03c4\u03b7\u03c2 \u03bc\u03bf\u03c4\u03bf\u03c3\u03c5\u03ba\u03bb\u03ad\u03c4\u03b1\u03c2."
						},
						"type": "paragraph"
					}
				]
			},
			"category": 131,
			"updated_at": null,
			"charge_taxes": true,
			"weight": "0.0:kg"
		}
	},
	{
		"model": "product.productchannellisting",
		"pk": 153,
		"fields": {
			"publication_date": "2021-08-12",
			"is_published": true,
			"product": 152,
			"channel": 1,
			"visible_in_listings": true,
			"available_for_purchase": "2021-08-12",
			"currency": "EUR"
		}
	},
	{
		"model": "product.productvariant",
		"pk": 154,
		"fields": {
			"private_metadata": {},
			"metadata": {},
			"sku": 546451997,
			"name": "default",
			"product": 152,
			"track_inventory": true,
			"default": true,
			"weight": "1.0:kg"
		}
	},
	{
		"model": "attribute.assignedproductattribute",
		"pk": 155,
		"fields": { "product": 152, "assignment": 142, "values": [146] }
	},
	{
		"model": "attribute.assignedproductattribute",
		"pk": 156,
		"fields": { "product": 152, "assignment": 143, "values": [150] }
	},
	{
		"model": "attribute.attributevalue",
		"pk": 157,
		"fields": {
			"sort_order": 0,
			"name": "MC-022-12-R",
			"value": "",
			"slug": "139_157",
			"attribute": 139
		}
	},
	{
		"model": "attribute.assignedproductattribute",
		"pk": 158,
		"fields": { "product": 152, "assignment": 144, "values": [157] }
	},
	{
		"model": "attribute.attributevalue",
		"pk": 159,
		"fields": {
			"sort_order": 0,
			"name": "www.car.gr/d9612717",
			"value": "",
			"slug": "141_159",
			"attribute": 141
		}
	},
	{
		"model": "attribute.assignedproductattribute",
		"pk": 160,
		"fields": { "product": 152, "assignment": 145, "values": [159] }
	},
	{
		"model": "product.productvariantchannellisting",
		"pk": 161,
		"fields": {
			"variant": 154,
			"channel": 1,
			"currency": "EUR",
			"price_amount": "15.000",
			"cost_price_amount": "5.000"
		}
	},
	{
		"model": "product.collectionproduct",
		"pk": 162,
		"fields": { "sort_order": null, "collection": 100, "product": 152 }
	},
	{
		"model": "product.product",
		"pk": 163,
		"fields": {
			"private_metadata": {},
			"metadata": {
				"taxes": {
					"vatlayer": {
						"code": "standard",
						"description": "standard"
					}
				}
			},
			"seo_title": "",
			"seo_description": "\u03a6\u03af\u03bb\u03c4\u03c1\u03bf \u0391\u03ad\u03c1\u03bf\u03c2 MWR \"WSBK Racing\" \u03b3\u03b9\u03b1 Honda CBR 1000 RR-R Fireblade (2020-) MC-030-20/WSBK",
			"product_type": 137,
			"name": "\u03a6\u03af\u03bb\u03c4\u03c1\u03bf \u0391\u03ad\u03c1\u03bf\u03c2 MWR \"WSBK Racing\" \u03b3\u03b9\u03b1 Honda CBR 1000 RR-R Fireblade (2020-) MC-030-20/WSBK",
			"slug": "philtro-aeros-mwr-wsbk-racing-gia-honda-cbr-1000-rr-r-fireblade-2020-mc-030-20-wsbk",
			"description": {
				"blocks": [
					{
						"data": {
							"text": "\u03a6\u03af\u03bb\u03c4\u03c1\u03bf \u03b1\u03ad\u03c1\u03b1 \u03c4\u03b7\u03c2 \u039f\u03bb\u03bb\u03b1\u03bd\u03b4\u03b9\u03ba\u03ae\u03c2 MWR, \u03b5\u03b9\u03b4\u03b9\u03ba\u03ae \u03c3\u03b5\u03b9\u03c1\u03ac \"WSBK\", \u03b3\u03b9\u03b1 \u03c4\u03bf \u03bd\u03ad\u03bf Honda CBR 1000 RR-R (2020-) ! "
						},
						"type": "paragraph"
					},
					{ "data": { "text": "" }, "type": "paragraph" },
					{
						"data": {
							"text": "** \u03a4\u03bf \u03c3\u03c5\u03b3\u03ba\u03b5\u03ba\u03c1\u03b9\u03bc\u03ad\u03bd\u03bf \u03c6\u03af\u03bb\u03c4\u03c1\u03bf \u03b1\u03ad\u03c1\u03bf\u03c2 \u03c4\u03b7\u03c2 MWR \u03b5\u03c6\u03b1\u03c1\u03bc\u03cc\u03b6\u03b5\u03b9 \u03c3\u03c4\u03bf \u03bd\u03ad\u03bf superbike \u03c4\u03b7\u03c2 Honda, CBR 1000 RR-R Fireblade (2020-). \u0395\u03af\u03bd\u03b1\u03b9 \u03b5\u03be\u03b5\u03bb\u03b9\u03b3\u03bc\u03ad\u03bd\u03bf \u03b1\u03c0\u03b5\u03c5\u03b8\u03b5\u03af\u03b1\u03c2 \u03bc\u03ad\u03c3\u03b1 \u03b1\u03c0\u03cc \u03c4\u03b9\u03c2 \u03c0\u03af\u03c3\u03c4\u03b5\u03c2 \u03c4\u03bf\u03c5 \u03c0\u03b1\u03b3\u03ba\u03bf\u03c3\u03bc\u03af\u03bf\u03c5 \u03c0\u03c1\u03c9\u03c4\u03b1\u03b8\u03bb\u03ae\u03bc\u03b1\u03c4\u03bf\u03c2 \u03c4\u03b1\u03c7\u03cd\u03c4\u03b7\u03c4\u03b1\u03c2 \u03bc\u03bf\u03c4\u03bf\u03c3\u03c5\u03ba\u03bb\u03b5\u03c4\u03ce\u03bd WSBK \u03ba\u03b1\u03b9 \u03c0\u03c1\u03bf\u03bf\u03c1\u03af\u03b6\u03b5\u03c4\u03b1\u03b9 \u03b3\u03b9\u03b1 \u03c7\u03c1\u03ae\u03c3\u03b7 \u03c0\u03af\u03c3\u03c4\u03b1\u03c2 \u03ba\u03b1\u03b9 \u03b1\u03b3\u03ce\u03bd\u03c9\u03bd! \u03a0\u03c1\u03bf\u03c3\u03c6\u03ad\u03c1\u03b5\u03b9 \u03bc\u03b5\u03b3\u03ac\u03bb\u03b1 \u03bf\u03c6\u03ad\u03bb\u03b7 \u03c3\u03c4\u03b7\u03bd \u03b1\u03c0\u03cc\u03b4\u03bf\u03c3\u03b7 \u03c4\u03bf\u03c5 \u03ba\u03b9\u03bd\u03b7\u03c4\u03ae\u03c1\u03b1 \u03bc\u03b5\u03c4\u03ac \u03c4\u03bf\u03bd \u03b1\u03c0\u03b1\u03c1\u03b1\u03af\u03c4\u03b7\u03c4\u03bf \u03b5\u03c0\u03b1\u03bd\u03b1\u03c0\u03c1\u03bf\u03b3\u03c1\u03b1\u03bc\u03bc\u03b1\u03c4\u03b9\u03c3\u03bc\u03cc \u03c4\u03bf\u03c5 \u03b5\u03b3\u03ba\u03b5\u03c6\u03ac\u03bb\u03bf\u03c5! \u0397 \u03b9\u03b4\u03b9\u03b1\u03af\u03c4\u03b5\u03c1\u03b7 \u03c3\u03c7\u03b5\u03b4\u03af\u03b1\u03c3\u03ae \u03c4\u03bf\u03c5 \u03b1\u03c5\u03be\u03ac\u03bd\u03b5\u03b9 \u03b1\u03c0\u03cc 50% \u03ad\u03c9\u03c2 \u03ba\u03b1\u03b9 100% \u03c4\u03b7\u03bd \u03b5\u03c0\u03b9\u03c6\u03ac\u03bd\u03b5\u03b9\u03b1 \u03c1\u03bf\u03ae\u03c2 \u03c4\u03bf\u03c5 \u03b1\u03ad\u03c1\u03b1, \u03c0\u03b1\u03c1\u03ad\u03c7\u03bf\u03bd\u03c4\u03b1\u03c2 \u03c3\u03b7\u03bc\u03b1\u03bd\u03c4\u03b9\u03ba\u03ac \u03c0\u03b5\u03c1\u03b9\u03c3\u03c3\u03cc\u03c4\u03b5\u03c1\u03b7 \u03c0\u03bf\u03c3\u03cc\u03c4\u03b7\u03c4\u03b1 \u03c3\u03b5 \u03ba\u03ac\u03b8\u03b5 \u03ba\u03cd\u03bb\u03b9\u03bd\u03b4\u03c1\u03bf! \u03a0\u03c1\u03bf\u03c3\u03c6\u03ad\u03c1\u03b5\u03b9 \u03bc\u03ad\u03b3\u03b9\u03c3\u03c4\u03b7 \u03c0\u03c1\u03bf\u03c3\u03c4\u03b1\u03c3\u03af\u03b1 \u03c3\u03c4\u03bf\u03bd \u03ba\u03b9\u03bd\u03b7\u03c4\u03ae\u03c1\u03b1 \u03b1\u03bb\u03bb\u03ac \u03b1\u03c0\u03b1\u03b9\u03c4\u03b5\u03af \u03c3\u03c5\u03c7\u03bd\u03ae \u03c3\u03c5\u03bd\u03c4\u03ae\u03c1\u03b7\u03c3\u03b7! \u03a0\u03bb\u03ad\u03bd\u03b5\u03c4\u03b1\u03b9 \u03bc\u03b5 \u03c4\u03bf \u03b5\u03b9\u03b4\u03b9\u03ba\u03cc \u03ba\u03b9\u03c4 \u03c4\u03b7\u03c2 MWR \u03ba\u03b1\u03b9 \u03b5\u03c0\u03b1\u03bd\u03b1\u03c7\u03c1\u03b7\u03c3\u03b9\u03bc\u03bf\u03c0\u03bf\u03b9\u03b5\u03af\u03c4\u03b1\u03b9! **"
						},
						"type": "paragraph"
					},
					{ "data": { "text": "" }, "type": "paragraph" },
					{
						"data": {
							"text": "\u0397 MWR \u03ba\u03b1\u03c4\u03b1\u03c3\u03ba\u03b5\u03c5\u03ac\u03b6\u03b5\u03b9 \u03c6\u03af\u03bb\u03c4\u03c1\u03b1 \u03b1\u03ad\u03c1\u03b1 \u03c0\u03ac\u03bd\u03c9 \u03b1\u03c0\u03cc \u03b5\u03af\u03ba\u03bf\u03c3\u03b9 \u03c7\u03c1\u03cc\u03bd\u03b9\u03b1, \u03ad\u03c7\u03bf\u03bd\u03c4\u03b1\u03c2 \u03b4\u03cd\u03bf \u03ba\u03cd\u03c1\u03b9\u03bf\u03c5\u03c2 \u03c3\u03c4\u03cc\u03c7\u03bf\u03c5\u03c2: "
						},
						"type": "paragraph"
					},
					{
						"data": {
							"text": "- \u0392\u03b5\u03bb\u03c4\u03af\u03c9\u03c3\u03b7 \u03c4\u03b7\u03c2 \u03b1\u03c0\u03cc\u03b4\u03bf\u03c3\u03b7\u03c2 \u03c3\u03b5 \u03cc\u03bb\u03bf \u03c4\u03bf \u03c6\u03ac\u03c3\u03bc\u03b1 \u03c4\u03c9\u03bd \u03c3\u03c4\u03c1\u03bf\u03c6\u03ce\u03bd!"
						},
						"type": "paragraph"
					},
					{
						"data": {
							"text": "- \u039c\u03ad\u03b3\u03b9\u03c3\u03c4\u03b7 \u03c0\u03c1\u03bf\u03c3\u03c4\u03b1\u03c3\u03af\u03b1 \u03c4\u03bf\u03c5 \u03ba\u03b9\u03bd\u03b7\u03c4\u03ae\u03c1\u03b1!"
						},
						"type": "paragraph"
					},
					{ "data": { "text": "" }, "type": "paragraph" },
					{
						"data": {
							"text": "\u039c\u03ad\u03c3\u03b1 \u03c3\u2019\u03b1\u03c5\u03c4\u03ac \u03c4\u03b1 \u03c7\u03c1\u03cc\u03bd\u03b9\u03b1 \u03b7 \u03b5\u03c4\u03b1\u03b9\u03c1\u03af\u03b1 \u03c3\u03c5\u03bd\u03b5\u03c1\u03b3\u03ac\u03c3\u03c4\u03b7\u03ba\u03b5 \u03bc\u03b5 \u03bf\u03b4\u03b7\u03b3\u03bf\u03cd\u03c2, \u03c0\u03b1\u03b3\u03ba\u03cc\u03c3\u03bc\u03b9\u03bf\u03c5\u03c2 \u03c0\u03c1\u03c9\u03c4\u03b1\u03b8\u03bb\u03b7\u03c4\u03ad\u03c2 \u03ba\u03b1\u03b9 \u03b5\u03c1\u03b3\u03bf\u03c3\u03c4\u03b1\u03c3\u03b9\u03b1\u03ba\u03ad\u03c2 \u03bf\u03bc\u03ac\u03b4\u03b5\u03c2 \u03ce\u03c3\u03c4\u03b5 \u03bd\u03b1 \u03ba\u03b5\u03c1\u03b4\u03af\u03c3\u03b5\u03b9 \u03b5\u03bc\u03c0\u03b5\u03b9\u03c1\u03af\u03b1 \u03c3\u03c4\u03b9\u03c2 \u03c0\u03b9\u03bf \u03b1\u03c0\u03b1\u03b9\u03c4\u03b7\u03c4\u03b9\u03ba\u03ad\u03c2 \u03c3\u03c5\u03bd\u03b8\u03ae\u03ba\u03b5\u03c2 \u03ba\u03b1\u03b9 \u03bd\u03b1 \u03c0\u03c1\u03bf\u03c3\u03c6\u03ad\u03c1\u03b5\u03b9 \u03c4\u03b5\u03bb\u03b9\u03ba\u03ac \u03c4\u03b1 \u03c0\u03bf\u03b9\u03bf\u03c4\u03b9\u03ba\u03cc\u03c4\u03b5\u03c1\u03b1 \u03ba\u03b1\u03b9 \u03c0\u03b9\u03bf \u03b1\u03c0\u03bf\u03b4\u03bf\u03c4\u03b9\u03ba\u03ac \u03c6\u03af\u03bb\u03c1\u03b1 \u03b1\u03ad\u03c1\u03bf\u03c2 \u03c4\u03b7\u03c2 \u03b1\u03b3\u03bf\u03c1\u03ac\u03c2! \u03a0\u03c1\u03bf\u03ba\u03b5\u03b9\u03bc\u03ad\u03bd\u03bf\u03c5 \u03bd\u03b1 \u03c0\u03c1\u03bf\u03c3\u03c6\u03ad\u03c1\u03b5\u03b9 \u03c4\u03bf \u03ba\u03b1\u03bb\u03cd\u03c4\u03b5\u03c1\u03bf \u03c6\u03af\u03bb\u03c4\u03c1\u03bf \u03b1\u03ad\u03c1\u03b1 \u03b3\u03b9\u03b1 \u03ba\u03ac\u03b8\u03b5 \u03c7\u03c1\u03ae\u03c3\u03c4\u03b7, \u03c0\u03b1\u03c1\u03ac\u03b3\u03b5\u03b9 \u03c4\u03ad\u03c3\u03c3\u03b5\u03c1\u03b5\u03b9\u03c2 \u03b4\u03b9\u03b1\u03c6\u03bf\u03c1\u03b5\u03c4\u03b9\u03ba\u03bf\u03cd\u03c2 \u03c4\u03cd\u03c0\u03bf\u03c5\u03c2 \u03c6\u03af\u03bb\u03c4\u03c1\u03c9\u03bd:"
						},
						"type": "paragraph"
					},
					{ "data": { "text": "" }, "type": "paragraph" },
					{
						"data": {
							"text": "1. MWR \u03c3\u03b5\u03b9\u03c1\u03ac \u201cPerformance\u201d"
						},
						"type": "paragraph"
					},
					{
						"data": {
							"text": "- \u0392\u03b5\u03bb\u03c4\u03b9\u03c9\u03bc\u03ad\u03bd\u03b7 \u03c1\u03bf\u03ae \u03b1\u03ad\u03c1\u03b1 \u03c7\u03c9\u03c1\u03af\u03c2 \u03ba\u03b1\u03bd\u03ad\u03bd\u03b1 \u03c3\u03c5\u03bc\u03b2\u03b9\u03b2\u03b1\u03c3\u03bc\u03cc \u03c3\u03c4\u03b7 \u03c0\u03c1\u03bf\u03c3\u03c4\u03b1\u03c3\u03af\u03b1 \u03c4\u03bf\u03c5 \u03ba\u03b9\u03bd\u03b7\u03c4\u03ae\u03c1\u03b1. "
						},
						"type": "paragraph"
					},
					{
						"data": {
							"text": "- \u0395\u03cd\u03ba\u03bf\u03bb\u03b7 \u03c4\u03bf\u03c0\u03bf\u03b8\u03ad\u03c4\u03b7\u03c3\u03b7 \u03ba\u03b1\u03b9 \u03ba\u03bf\u03c1\u03c5\u03c6\u03b1\u03af\u03b1 \u03b5\u03c6\u03b1\u03c1\u03bc\u03bf\u03b3\u03ae."
						},
						"type": "paragraph"
					},
					{
						"data": {
							"text": "- I\u03b4\u03b1\u03bd\u03b9\u03ba\u03ac \u03b3\u03b9\u03b1 \u03c4\u03b7\u03bd \u03b1\u03bd\u03c4\u03b9\u03ba\u03b1\u03c4\u03ac\u03c3\u03c4\u03b1\u03c3\u03b7 \u03c4\u03bf\u03c5 \u03b5\u03c1\u03b3\u03bf\u03c3\u03c4\u03b1\u03c3\u03b9\u03b1\u03ba\u03bf\u03cd \u03c6\u03af\u03bb\u03c4\u03c1\u03bf\u03c5. \u0395\u03c0\u03b1\u03bd\u03b1\u03c7\u03c1\u03b7\u03c3\u03b9\u03bc\u03bf\u03c0\u03bf\u03b9\u03bf\u03cd\u03bc\u03b5\u03bd\u03b1."
						},
						"type": "paragraph"
					},
					{
						"data": {
							"text": "- \u0394\u03b5\u03bd \u03b1\u03c0\u03b1\u03b9\u03c4\u03b5\u03af\u03c4\u03b1\u03b9 \u03c0\u03c1\u03bf\u03b3\u03c1\u03b1\u03bc\u03bc\u03b1\u03c4\u03b9\u03c3\u03bc\u03cc\u03c2 \u03c4\u03bf\u03c5 \u03b5\u03b3\u03ba\u03b5\u03c6\u03ac\u03bb\u03bf\u03c5. "
						},
						"type": "paragraph"
					},
					{
						"data": {
							"text": "\u03a3\u03c5\u03bd\u03c4\u03ae\u03c1\u03b7\u03c3\u03b7 \u03c4\u03bf\u03c5 \u03c6\u03af\u03bb\u03c4\u03c1\u03bf\u03c5 \u03b1\u03ad\u03c1\u03b1 \u03b1\u03bd\u03b1 \u03c7\u03c1\u03cc\u03bd\u03bf \u03ae \u03b1\u03bd\u03b1 5000\u03c7\u03bb\u03bc \u03bc\u03b5 \u03c4\u03b1 \u03ba\u03af\u03c4 \u03c3\u03c5\u03bd\u03c4\u03ae\u03c1\u03b7\u03c3\u03b7\u03c2 \u03c4\u03b7\u03c2 MWR."
						},
						"type": "paragraph"
					},
					{ "data": { "text": "" }, "type": "paragraph" },
					{
						"data": {
							"text": "2. MWR \u03c3\u03b5\u03b9\u03c1\u03ac \u201cHigh Efficient\u201d (\u03ae \u201cHE\u201d )"
						},
						"type": "paragraph"
					},
					{
						"data": {
							"text": "- \u0395\u03c0\u03b1\u03bd\u03b1\u03c3\u03c4\u03b1\u03c4\u03b9\u03ba\u03ae\u03c2 \u03c3\u03c7\u03b5\u03b4\u03af\u03b1\u03c3\u03b7\u03c2 \u03c6\u03af\u03bb\u03c4\u03c1\u03bf \u03b1\u03ad\u03c1\u03b1, \u03b3\u03b9\u03b1 \u03bc\u03b9\u03ba\u03c4\u03ae \u03c7\u03c1\u03ae\u03c3\u03b7 \u03b4\u03c1\u03cc\u03bc\u03bf\u03c5 \u03ba\u03b1\u03b9 \u03c0\u03af\u03c3\u03c4\u03b1\u03c2, \u03c3\u03c7\u03b5\u03b4\u03b9\u03b1\u03c3\u03bc\u03ad\u03bd\u03bf \u03ce\u03c3\u03c4\u03b5 \u03bd\u03b1 \u03b5\u03be\u03b9\u03c3\u03bf\u03c1\u03c1\u03bf\u03c0\u03b5\u03af \u03c4\u03b7 \u03c1\u03bf\u03ae \u03c4\u03bf\u03c5 \u03b1\u03ad\u03c1\u03b1 \u03c3\u03c4\u03bf\u03bd \u03ba\u03ac\u03b8\u03b5 \u03ba\u03cd\u03bb\u03b9\u03bd\u03b4\u03c1\u03bf."
						},
						"type": "paragraph"
					},
					{
						"data": {
							"text": "- \u039c\u03b5 \u03c4\u03b7\u03bd \u03b1\u03bd\u03ac\u03bb\u03bf\u03b3\u03b7 \u03c7\u03b1\u03c1\u03c4\u03bf\u03b3\u03c1\u03ac\u03c6\u03b7\u03c3\u03b7, \u03b5\u03c0\u03af\u03c4\u03b5\u03c5\u03be\u03b7 \u03c3\u03b7\u03bc\u03b1\u03bd\u03c4\u03b9\u03ba\u03ae \u03b1\u03cd\u03be\u03b7\u03c3\u03b7\u03c2 \u03b1\u03c0\u03cc\u03b4\u03bf\u03c3\u03b7\u03c2 \u03ba\u03b1\u03b9 \u03c1\u03bf\u03c0\u03ae\u03c2! \u0395\u03c0\u03b9\u03c4\u03c1\u03ad\u03c0\u03b5\u03b9 \u03c4\u03b7\u03bd \"\u03b1\u03bd\u03b1 \u03ba\u03cd\u03bb\u03b9\u03bd\u03b4\u03c1\u03bf\" \u03bb\u03b5\u03c0\u03c4\u03bf\u03bc\u03b5\u03c1\u03ae \u03c7\u03b1\u03c1\u03c4\u03bf\u03b3\u03c1\u03ac\u03c6\u03b7\u03c3\u03b7. "
						},
						"type": "paragraph"
					},
					{
						"data": {
							"text": "\u03a4\u03b5\u03c7\u03bd\u03bf\u03bb\u03bf\u03b3\u03af\u03b1 \u03c0\u03c1\u03bf\u03b5\u03c1\u03c7\u03cc\u03bc\u03b5\u03bd\u03b7 \u03b1\u03c0\u03cc \u03c4\u03b9\u03c2 \u03bc\u03bf\u03c4\u03bf\u03c3\u03c5\u03ba\u03bb\u03ad\u03c4\u03b5\u03c2 \u03c4\u03c9\u03bd Motogp, \u039coto2, WSBK & WSS"
						},
						"type": "paragraph"
					},
					{
						"data": {
							"text": "- \u03a3\u03c5\u03c3\u03c4\u03ae\u03bd\u03b5\u03c4\u03b1\u03b9 \u03b5\u03c0\u03b1\u03bd\u03b1\u03c7\u03b1\u03c1\u03c4\u03bf\u03b3\u03c1\u03ac\u03c6\u03b7\u03c3\u03b7 \u03c4\u03b7\u03c2 \u03c4\u03c1\u03bf\u03c6\u03bf\u03b4\u03bf\u03c3\u03af\u03b1\u03c2 \u03c4\u03b7\u03c2 \u03bc\u03bf\u03c4\u03bf\u03c3\u03b9\u03ba\u03bb\u03ad\u03c4\u03b1\u03c2."
						},
						"type": "paragraph"
					},
					{
						"data": {
							"text": "\u03a3\u03c5\u03bd\u03c4\u03ae\u03c1\u03b7\u03c3\u03b7 \u03c4\u03bf\u03c5 \u03c6\u03af\u03bb\u03c4\u03c1\u03bf\u03c5 \u03b1\u03ad\u03c1\u03b1 \u03b1\u03bd\u03b1 \u03c7\u03c1\u03cc\u03bd\u03bf \u03ae \u03b1\u03bd\u03b1 5000\u03c7\u03bb\u03bc \u03bc\u03b5 \u03c4\u03b1 \u03ba\u03af\u03c4 \u03c3\u03c5\u03bd\u03c4\u03ae\u03c1\u03b7\u03c3\u03b7\u03c2 \u03c4\u03b7\u03c2 MWR"
						},
						"type": "paragraph"
					},
					{ "data": { "text": "" }, "type": "paragraph" },
					{
						"data": {
							"text": "3. MWR \u03c3\u03b5\u03b9\u03c1\u03ac \u201cRacing\u201d"
						},
						"type": "paragraph"
					},
					{
						"data": {
							"text": "\u0391\u03b3\u03c9\u03bd\u03b9\u03c3\u03c4\u03b9\u03ba\u03cc \u03c6\u03af\u03bb\u03c4\u03c1\u03bf, \u03c3\u03c7\u03b5\u03b4\u03b9\u03b1\u03c3\u03bc\u03ad\u03bd\u03bf \u03bc\u03b5 \u03b4\u03b5\u03b4\u03bf\u03bc\u03ad\u03bd\u03b1 \u03c0\u03c1\u03bf\u03b5\u03c1\u03c7\u03cc\u03bc\u03b5\u03bd\u03b1 \u03b1\u03c0\u03bf \u03c4\u03b7\u03bb\u03b5\u03bc\u03b5\u03c4\u03c1\u03af\u03b5\u03c2 \u03b1\u03b3\u03c9\u03bd\u03b9\u03c3\u03c4\u03b9\u03ba\u03ce\u03bd \u03bf\u03bc\u03ac\u03b4\u03c9\u03bd \u03c3\u03c5\u03bd\u03b5\u03c1\u03b3\u03b1\u03b6\u03cc\u03bc\u03b5\u03bd\u03c9\u03bd \u03bc\u03b5 \u03c4\u03b7\u03bd MWR. "
						},
						"type": "paragraph"
					},
					{
						"data": {
							"text": "- \u0397 \u03ba\u03bf\u03c1\u03c5\u03c6\u03b1\u03af\u03b1 \u03c3\u03b5\u03b9\u03c1\u03ac \u03c3\u03b5 \u03b1\u03c0\u03cc\u03b4\u03bf\u03c3\u03b7, \u03b4\u03b9\u03b1\u03c4\u03b7\u03c1\u03b5\u03af \u03c0\u03b1\u03c1\u03ac\u03bb\u03bb\u03b7\u03bb\u03b1 \u03c4\u03b1 \u03c0\u03bf\u03bb\u03cd \u03c5\u03c8\u03b7\u03bb\u03ac \u03b5\u03c0\u03af\u03c0\u03b5\u03b4\u03b1 \u03c0\u03c1\u03bf\u03c3\u03c4\u03b1\u03c3\u03af\u03b1\u03c2 \u03c4\u03bf\u03c5 \u03ba\u03b9\u03bd\u03b7\u03c4\u03ae\u03c1\u03b1."
						},
						"type": "paragraph"
					},
					{
						"data": {
							"text": "- \u03c0\u03b9\u03bf \u03c3\u03c5\u03c7\u03bd\u03ae \u03c3\u03c5\u03bd\u03c4\u03ae\u03c1\u03b7\u03c3\u03b7 \u03c3\u03b5 \u03c3\u03c7\u03ad\u03c3\u03b7 \u03bc\u03b5 \u03c4\u03b9\u03c2 \u03ac\u03bb\u03bb\u03b5\u03c2 \u03c3\u03b5\u03b9\u03c1\u03ad\u03c2, \u03b1\u03bb\u03bb\u03ac \u03af\u03b4\u03b9\u03b1 \u03b5\u03c0\u03af\u03c0\u03b5\u03b4\u03b1 \u03c0\u03c1\u03bf\u03c3\u03c4\u03b1\u03c3\u03af\u03b1\u03c2! "
						},
						"type": "paragraph"
					},
					{
						"data": {
							"text": "- \u03a4\u03bf \u03bc\u03b5\u03b3\u03ac\u03bb\u03bf \u03c0\u03bb\u03b5\u03bf\u03bd\u03ad\u03ba\u03c4\u03b7\u03bc\u03b1 \u03b5\u03af\u03bd\u03b1\u03b9 \u03b7 \u03b2\u03ad\u03bb\u03c4\u03b9\u03c3\u03c4\u03b7 \u03ba\u03b1\u03b9 \u03b9\u03c3\u03bf\u03bc\u03b5\u03c1\u03ae\u03c2 \u03c0\u03bf\u03c3\u03cc\u03c4\u03b7\u03c4\u03b1 \u03b1\u03ad\u03c1\u03b1 \u03c3\u03b5 \u03ba\u03ac\u03b8\u03b5 \u03ba\u03cd\u03bb\u03b9\u03bd\u03b4\u03c1\u03bf \u03c4\u03bf\u03c5 \u03ba\u03b9\u03bd\u03b7\u03c4\u03ae\u03c1\u03b1. "
						},
						"type": "paragraph"
					},
					{
						"data": {
							"text": "- \u03a7\u03c1\u03b5\u03b9\u03ac\u03b6\u03b5\u03c4\u03b1\u03b9 \u03b5\u03c0\u03b1\u03bd\u03b1\u03c0\u03c1\u03bf\u03b3\u03c1\u03b1\u03bc\u03bc\u03b1\u03c4\u03b9\u03c3\u03bc\u03cc, \u03bc\u03b5 \u03c3\u03b7\u03bc\u03b1\u03bd\u03c4\u03b9\u03ba\u03ac \u03bf\u03c6\u03ad\u03bb\u03b7 \u03c3\u03b5 \u03b1\u03c0\u03cc\u03b4\u03bf\u03c3\u03b7! "
						},
						"type": "paragraph"
					},
					{ "data": { "text": "" }, "type": "paragraph" },
					{
						"data": {
							"text": "4. MWR \u03c3\u03b5\u03b9\u03c1\u03ac WSBK. "
						},
						"type": "paragraph"
					},
					{
						"data": {
							"text": "\u03a4\u03bf \u03b1\u03c0\u03cc\u03bb\u03c5\u03c4\u03b1 \u03b1\u03b3\u03c9\u03bd\u03b9\u03c3\u03c4\u03b9\u03ba\u03cc \u03c6\u03af\u03bb\u03c4\u03c1\u03bf \u03b1\u03ad\u03c1\u03b1 \u03c4\u03b7\u03c2 \u03b5\u03c4\u03b1\u03b9\u03c1\u03b5\u03af\u03b1\u03c2!"
						},
						"type": "paragraph"
					},
					{
						"data": {
							"text": "- H MWR \u03c3\u03b5 \u03c3\u03c5\u03bd\u03b5\u03c1\u03b3\u03b1\u03c3\u03af\u03b1 \u03bc\u03b5 \u03c4\u03b9\u03c2 \u03b5\u03c4\u03b1\u03b9\u03c1\u03b5\u03af\u03b5\u03c2 Kawasaki (KHI), BMW, MV Agusta \u03ba\u03b1\u03b9 \u03c4\u03b9\u03c2 \u03bf\u03bc\u03ac\u03b4\u03b5\u03c2 \u03c4\u03bf\u03c5 MotoGP, \u03ad\u03c7\u03b5\u03b9 \u03b1\u03bd\u03b1\u03c0\u03c4\u03cd\u03be\u03b5\u03b9 \u03ad\u03bd\u03b1 \u03bd\u03ad\u03bf, \u03c0\u03c1\u03bf\u03c3\u03b1\u03c1\u03bc\u03bf\u03c3\u03bc\u03ad\u03bd\u03bf \u03c3\u03c4\u03bf \u03c6\u03b9\u03bb\u03c4\u03c1\u03bf\u03ba\u03bf\u03cd\u03c4\u03b9 \u03c6\u03af\u03bb\u03c4\u03c1\u03bf \u03b1\u03ad\u03c1\u03b1, \u03c0\u03bf\u03c5 \u03b1\u03c5\u03be\u03ac\u03bd\u03b5\u03b9 \u03b5\u03bd\u03c4\u03c5\u03c0\u03c9\u03c3\u03b9\u03b1\u03ba\u03ac \u03c4\u03b7\u03bd \u03b5\u03c0\u03b9\u03c6\u03ac\u03bd\u03b5\u03b9\u03b1 \u03c0\u03b1\u03c1\u03bf\u03c7\u03ae\u03c2 \u03b1\u03ad\u03c1\u03b1 \u03c4\u03bf\u03c5 \u03c6\u03af\u03bb\u03c4\u03c1\u03bf\u03c5."
						},
						"type": "paragraph"
					},
					{
						"data": {
							"text": "- \u039a\u03b1\u03c4\u03b1\u03bb\u03b1\u03bc\u03b2\u03ac\u03bd\u03b5\u03b9 \u03cc\u03c3\u03bf \u03c4\u03bf \u03b4\u03c5\u03bd\u03b1\u03c4\u03cc\u03bd \u03c0\u03b5\u03c1\u03b9\u03c3\u03c3\u03cc\u03c4\u03b5\u03c1\u03bf \u03c7\u03ce\u03c1\u03bf \u03bc\u03ad\u03c3\u03b1 \u03c3\u03c4\u03bf \u03c6\u03b9\u03bb\u03c4\u03c1\u03bf\u03ba\u03bf\u03cd\u03c4\u03b9, \u03b1\u03c5\u03be\u03ac\u03bd\u03bf\u03bd\u03c4\u03b1\u03c2 \u03ba\u03b1\u03b9 \u03b9\u03c3\u03bf\u03bc\u03bf\u03b9\u03c1\u03ac\u03b6\u03bf\u03bd\u03c4\u03b1\u03c2 \u03c4\u03b7\u03bd \u03c0\u03b1\u03c1\u03bf\u03c7\u03ae \u03b1\u03ad\u03c1\u03b1 \u03c3\u03c4\u03bf\u03c5\u03c2 \u03ba\u03c5\u03bb\u03af\u03bd\u03b4\u03c1\u03bf\u03c5\u03c2. "
						},
						"type": "paragraph"
					},
					{
						"data": {
							"text": "- \u0391\u03c5\u03be\u03ac\u03bd\u03b5\u03b9 \u03c4\u03b7\u03bd \u03b5\u03c0\u03b9\u03c6\u03ac\u03bd\u03b5\u03b9\u03b1 \u03c4\u03bf\u03c5 \u03c6\u03af\u03bb\u03c4\u03c1\u03bf\u03c5 \u03b1\u03c0\u03cc 50-100% \u03b1\u03bd\u03ac\u03bb\u03bf\u03b3\u03b1 \u03bc\u03b5 \u03c4\u03bf \u03bc\u03bf\u03bd\u03c4\u03ad\u03bb\u03bf \u03c4\u03b7\u03c2 \u03bc\u03bf\u03c4\u03bf\u03c3\u03c5\u03ba\u03bb\u03ad\u03c4\u03b1\u03c2. \u038c\u03bb\u03b1 \u03c4\u03b1 \u03c6\u03af\u03bb\u03c4\u03c1\u03b1 WSBK \u03b5\u03af\u03bd\u03b1\u03b9 \u03ba\u03b1\u03c4\u03b1\u03c3\u03ba\u03b5\u03c5\u03b1\u03c3\u03bc\u03ad\u03bd\u03b1 \u03ba\u03b1\u03b9 \u03c3\u03c5\u03bd\u03b1\u03c1\u03bc\u03bf\u03bb\u03bf\u03b3\u03b7\u03bc\u03ad\u03bd\u03b1 \u03c3\u03c4\u03bf \u03c7\u03ad\u03c1\u03b9, \u03b1\u03c0\u03cc \u03b4\u03c5\u03bf \u03b4\u03b9\u03b1\u03c6\u03bf\u03c1\u03b5\u03c4\u03b9\u03ba\u03ac \u03b1\u03c6\u03c1\u03ce\u03b4\u03b7 \u03c5\u03bb\u03b9\u03ba\u03ac. "
						},
						"type": "paragraph"
					},
					{
						"data": {
							"text": "\u0395\u03af\u03bd\u03b1\u03b9 \u03b1\u03c0\u03b1\u03c1\u03b1\u03af\u03c4\u03b7\u03c4\u03b7 \u03b7 \u03b5\u03c0\u03b1\u03bd\u03b1\u03c7\u03b1\u03c1\u03c4\u03bf\u03b3\u03c1\u03ac\u03c6\u03b7\u03c3\u03b7 \u03c4\u03b7\u03c2 \u03c4\u03c1\u03bf\u03c6\u03bf\u03b4\u03bf\u03c3\u03af\u03b1\u03c2 \u03c4\u03b7\u03c2 \u03bc\u03bf\u03c4\u03bf\u03c3\u03c5\u03ba\u03bb\u03ad\u03c4\u03b1\u03c2."
						},
						"type": "paragraph"
					},
					{ "data": { "text": "" }, "type": "paragraph" },
					{
						"data": {
							"text": "\u038c\u03bb\u03bf\u03b9 \u03bf\u03b9 \u03c4\u03cd\u03c0\u03bf\u03b9 \u03c6\u03af\u03bb\u03c4\u03c1\u03c9\u03bd \u03b2\u03b1\u03c3\u03af\u03b6\u03bf\u03bd\u03c4\u03b1\u03b9 \u03c3\u03c4\u03bf \u03b5\u03b9\u03b4\u03b9\u03ba\u03ae\u03c2 \u03ba\u03b1\u03c4\u03b1\u03c3\u03ba\u03b5\u03c5\u03ae\u03c2 \u03b1\u03c6\u03c1\u03ce\u03b4\u03b5\u03c2 \u03c0\u03c5\u03c1\u03af\u03bc\u03b1\u03c7\u03bf \u03c5\u03bb\u03b9\u03ba\u03cc \"FR Foam\" \u03c0\u03bf\u03c5 \u03c3\u03c5\u03bd\u03b4\u03c5\u03ac\u03b6\u03b5\u03c4\u03b1\u03b9 \u03bc\u03b5 \u03b1\u03bd\u03c4\u03af\u03c3\u03c4\u03bf\u03b9\u03c7\u03b1 \u03ba\u03bf\u03c1\u03c5\u03c6\u03b1\u03af\u03b1\u03c2 \u03c0\u03bf\u03b9\u03cc\u03c4\u03b7\u03c4\u03b1\u03c2 \u03c5\u03bb\u03b9\u03ba\u03ac \u03cc\u03c0\u03c9\u03c2 \u03c4\u03bf \u03b1\u03bb\u03bf\u03c5\u03bc\u03af\u03bd\u03b9\u03bf \u03ba\u03b1\u03b9 \u03c4\u03bf \u03b1\u03bd\u03bf\u03be\u03b5\u03af\u03b4\u03c9\u03c4\u03bf \u03b1\u03c4\u03c3\u03ac\u03bb\u03b9. "
						},
						"type": "paragraph"
					},
					{
						"data": {
							"text": "\u03a4\u03b7\u03bd \u03c0\u03c1\u03bf\u03c3\u03c4\u03b1\u03c3\u03af\u03b1 \u03c4\u03bf\u03c5 \u03ba\u03b9\u03bd\u03b7\u03c4\u03ae\u03c1\u03b1 \u03b1\u03bd\u03b1\u03bb\u03b1\u03bc\u03b2\u03ac\u03bd\u03b5\u03b9 \u03c4\u03bf \u03b5\u03b9\u03b4\u03b9\u03ba\u03ae\u03c2 \u03b2\u03b9\u03bf\u03b4\u03b9\u03b1\u03c3\u03c0\u03ce\u03bc\u03b5\u03bd\u03b7\u03c2 \u03ba\u03b1\u03c4\u03b1\u03c3\u03ba\u03b5\u03c5\u03ae\u03c2 \u03c0\u03c5\u03c1\u03af\u03bc\u03b1\u03c7\u03bf \u03bb\u03ac\u03b4\u03b9, \u03c6\u03b9\u03bb\u03b9\u03ba\u03cc \u03c0\u03c1\u03bf\u03c2 \u03c4\u03bf \u03c0\u03b5\u03c1\u03b9\u03b2\u03ac\u03bb\u03bb\u03bf\u03bd."
						},
						"type": "paragraph"
					}
				]
			},
			"category": 131,
			"updated_at": null,
			"charge_taxes": true,
			"weight": "0.0:kg"
		}
	},
	{
		"model": "product.productchannellisting",
		"pk": 164,
		"fields": {
			"publication_date": "2021-08-12",
			"is_published": true,
			"product": 163,
			"channel": 1,
			"visible_in_listings": true,
			"available_for_purchase": "2021-08-12",
			"currency": "EUR"
		}
	},
	{
		"model": "product.productvariant",
		"pk": 165,
		"fields": {
			"private_metadata": {},
			"metadata": {},
			"sku": 546451998,
			"name": "default",
			"product": 163,
			"track_inventory": true,
			"default": true,
			"weight": "1.0:kg"
		}
	},
	{
		"model": "attribute.assignedproductattribute",
		"pk": 166,
		"fields": {
			"product": 163,
			"assignment": 142,
			"values": [147, 148, 149, 146]
		}
	},
	{
		"model": "attribute.assignedproductattribute",
		"pk": 167,
		"fields": { "product": 163, "assignment": 143, "values": [151] }
	},
	{
		"model": "attribute.attributevalue",
		"pk": 168,
		"fields": {
			"sort_order": 0,
			"name": "MC-030-20/WSBK",
			"value": "",
			"slug": "139_168",
			"attribute": 139
		}
	},
	{
		"model": "attribute.assignedproductattribute",
		"pk": 169,
		"fields": { "product": 163, "assignment": 144, "values": [168] }
	},
	{
		"model": "attribute.attributevalue",
		"pk": 170,
		"fields": {
			"sort_order": 0,
			"name": "www.car.gr/d28089205",
			"value": "",
			"slug": "141_170",
			"attribute": 141
		}
	},
	{
		"model": "attribute.assignedproductattribute",
		"pk": 171,
		"fields": { "product": 163, "assignment": 145, "values": [170] }
	},
	{
		"model": "product.productvariantchannellisting",
		"pk": 172,
		"fields": {
			"variant": 165,
			"channel": 1,
			"currency": "EUR",
			"price_amount": "15.000",
			"cost_price_amount": "5.000"
		}
	},
	{
		"model": "product.collectionproduct",
		"pk": 173,
		"fields": { "sort_order": null, "collection": 100, "product": 163 }
	}
]
